record_id,location,water_body,pollution_level,temperature,pH_value,dissolved_oxygen,plastic_density,oil_spill,industrial_waste,sewage_discharge,biodiversity_index,date,pollution_status
1,Goa,Sea,22,22.4,7.4,6.4,375,No,Yes,Yes,0.97,2023-02-21,High
2,Chennai,Sea,85,28.6,7.1,3.1,156,No,Yes,Yes,0.16,2023-10-24,High
3,Port Blair,Sea,48,27.4,6.6,4.3,378,Yes,No,Yes,0.29,2023-02-16,High
4,Chennai,Ocean,33,21.4,8.2,3.4,375,Yes,Yes,Yes,0.22,2023-07-24,High
5,Port Blair,River,54,24.4,7.3,6.2,449,No,No,Yes,0.72,2023-01-05,High
6,Mangalore,River,28,28.3,7.8,7.6,272,No,No,No,0.92,2023-06-04,Low
7,Kochi,Ocean,89,29.7,7.9,5.8,214,Yes,No,No,0.37,2023-11-19,High
8,Port Blair,Ocean,28,26.0,7.7,3.6,131,No,No,Yes,0.67,2023-07-15,Low
9,Puri,River,77,29.5,8.3,3.3,288,Yes,Yes,No,0.33,2023-03-15,High
10,Mumbai,Sea,56,23.3,7.8,4.3,484,No,No,No,0.57,2023-06-20,Moderate
11,Visakhapatnam,Ocean,15,30.9,6.7,6.2,164,Yes,Yes,No,0.38,2023-10-05,High
12,Kochi,River,73,25.1,7.0,3.2,351,No,Yes,Yes,0.61,2023-11-02,High
13,Kolkata,River,62,28.0,8.3,5.6,193,No,Yes,Yes,1.0,2023-08-13,Moderate
14,Chennai,Sea,10,31.5,6.6,4.3,292,No,No,Yes,0.19,2023-08-02,Low
15,Puri,River,40,26.1,8.1,7.0,212,No,No,Yes,0.38,2023-10-15,Moderate
16,Visakhapatnam,Sea,57,27.7,7.3,5.9,491,No,Yes,Yes,0.7,2023-09-11,High
17,Puri,Ocean,39,26.8,7.3,3.8,437,No,Yes,Yes,0.15,2023-11-26,High
18,Goa,Ocean,70,23.8,7.2,8.0,469,No,No,Yes,0.98,2023-07-30,High
19,Port Blair,River,83,28.2,8.4,4.3,292,No,Yes,No,0.4,2023-01-19,High
20,Kochi,Sea,45,22.0,7.2,4.2,491,Yes,Yes,No,0.34,2023-06-24,High
21,Puri,River,78,22.4,7.7,6.9,138,Yes,Yes,Yes,0.31,2023-01-20,High
22,Kochi,Sea,92,29.7,7.5,7.2,307,No,No,Yes,0.25,2023-11-17,High
23,Kolkata,Ocean,66,22.9,7.7,7.1,165,No,Yes,Yes,0.3,2023-12-07,Moderate
24,Kolkata,River,72,32.0,7.8,5.5,455,No,Yes,No,0.49,2023-02-20,Moderate
25,Mangalore,River,51,25.7,7.2,7.0,250,Yes,No,No,0.1,2023-03-23,High
26,Surat,River,92,21.0,8.1,5.5,281,No,No,Yes,0.13,2023-06-24,High
27,Surat,Ocean,55,29.5,7.0,4.5,460,No,No,Yes,0.26,2023-12-16,High
28,Kolkata,Ocean,18,26.9,7.8,5.1,167,Yes,Yes,Yes,0.31,2023-05-22,High
29,Mumbai,River,12,22.1,8.0,6.2,108,No,Yes,Yes,0.8,2023-12-26,Low
30,Visakhapatnam,Sea,85,23.5,8.3,5.5,176,No,No,Yes,0.38,2023-07-21,High
31,Mumbai,Sea,74,28.3,6.6,7.1,125,No,No,Yes,0.46,2023-04-01,Moderate
32,Puri,Sea,24,23.0,7.7,4.4,274,Yes,Yes,No,0.21,2023-03-21,High
33,Puri,River,43,29.8,8.3,5.6,211,No,Yes,Yes,0.85,2023-01-03,Moderate
34,Goa,River,33,22.6,7.4,7.0,91,Yes,No,No,0.31,2023-12-17,High
35,Goa,River,78,24.6,7.3,4.4,346,No,No,No,0.44,2023-08-30,High
36,Kochi,River,52,21.2,6.8,6.5,215,No,No,No,0.21,2023-08-14,Moderate
37,Puri,Sea,79,21.3,7.8,4.3,166,No,No,Yes,0.73,2023-07-25,High
38,Visakhapatnam,River,60,26.6,7.0,4.3,127,Yes,Yes,No,0.24,2023-11-16,High
39,Visakhapatnam,Sea,68,22.0,8.2,6.5,448,No,No,No,0.65,2023-06-08,Moderate
40,Visakhapatnam,River,100,30.7,7.4,6.3,229,No,Yes,Yes,0.29,2023-06-28,High
41,Chennai,Sea,96,24.5,8.3,4.3,452,No,Yes,Yes,0.12,2023-02-11,High
42,Surat,Ocean,82,28.8,8.1,7.4,77,No,Yes,Yes,0.27,2023-12-14,High
43,Port Blair,River,64,25.9,6.9,6.4,172,No,Yes,Yes,0.17,2023-10-27,Moderate
44,Kochi,Ocean,70,27.5,7.9,3.4,202,No,Yes,Yes,0.72,2023-05-05,Moderate
45,Mumbai,Sea,40,22.2,7.5,3.4,216,Yes,No,Yes,0.12,2023-11-29,High
46,Mumbai,River,39,25.7,6.7,4.2,376,No,No,Yes,0.87,2023-11-26,High
47,Puri,Ocean,49,21.3,7.6,5.2,448,No,Yes,Yes,0.27,2023-11-08,High
48,Goa,Ocean,28,25.3,7.1,5.0,390,Yes,Yes,No,0.3,2023-06-26,High
49,Chennai,River,67,25.1,8.2,6.6,231,No,No,No,0.1,2023-06-04,Moderate
50,Port Blair,River,86,24.7,6.7,6.1,172,No,Yes,No,0.11,2023-09-13,High
51,Mumbai,River,74,22.4,6.9,5.8,239,No,Yes,No,0.93,2023-12-08,Moderate
52,Visakhapatnam,Sea,54,21.7,7.3,4.2,70,Yes,No,Yes,0.4,2023-08-20,High
53,Surat,River,51,32.0,6.6,5.7,409,No,No,No,0.53,2023-03-23,Moderate
54,Surat,River,21,22.9,7.9,6.6,193,No,No,Yes,0.28,2023-06-10,Low
55,Puri,Ocean,20,24.7,8.5,7.7,153,No,Yes,No,0.85,2023-11-03,Low
56,Surat,Sea,75,24.6,8.1,6.6,357,No,No,Yes,0.95,2023-06-18,High
57,Mumbai,River,50,30.3,7.1,4.6,176,Yes,No,No,0.31,2023-04-22,High
58,Goa,Ocean,12,21.0,8.0,3.8,404,No,No,Yes,0.29,2023-11-18,High
59,Puri,River,54,30.7,8.2,5.4,395,Yes,No,Yes,0.25,2023-01-23,High
60,Surat,River,84,22.0,7.0,3.2,139,Yes,No,No,0.21,2023-02-03,High
61,Puri,Sea,38,22.2,7.4,7.2,414,No,Yes,Yes,0.33,2023-04-30,High
62,Goa,Sea,27,27.5,7.4,5.4,118,No,No,No,0.95,2023-04-18,Low
63,Chennai,River,44,24.1,7.9,6.0,316,No,Yes,Yes,0.42,2023-12-23,High
64,Mumbai,Ocean,92,25.9,7.9,6.1,272,No,No,No,0.34,2023-08-12,High
65,Puri,Ocean,28,20.9,7.5,7.7,312,No,No,No,0.56,2023-10-08,Low
66,Goa,River,95,26.4,7.4,7.6,182,No,No,Yes,0.36,2023-03-27,High
67,Mangalore,Sea,78,20.7,7.0,5.4,461,No,Yes,No,0.71,2023-08-16,High
68,Port Blair,River,96,30.8,6.6,4.9,304,No,Yes,No,0.18,2023-11-27,High
69,Chennai,Ocean,20,25.7,7.6,5.6,110,No,Yes,No,0.94,2023-11-20,Low
70,Kolkata,Ocean,69,26.7,8.1,6.9,223,No,No,Yes,0.22,2023-11-10,Moderate
71,Puri,Sea,82,23.5,6.9,3.8,390,No,Yes,No,0.28,2023-07-13,High
72,Surat,Ocean,88,30.6,7.7,7.4,54,No,Yes,Yes,0.39,2023-03-19,High
73,Puri,Ocean,70,20.2,7.1,6.4,360,No,No,Yes,0.96,2023-06-24,High
74,Chennai,Sea,42,31.4,7.8,3.2,97,Yes,No,Yes,0.11,2023-10-16,High
75,Kolkata,River,92,21.9,7.3,7.6,433,No,No,Yes,0.32,2023-03-15,High
76,Visakhapatnam,Sea,49,23.1,7.2,4.4,172,No,No,Yes,0.69,2023-08-18,Moderate
77,Visakhapatnam,River,100,29.3,6.7,5.2,215,No,Yes,Yes,0.23,2023-10-13,High
78,Kolkata,River,63,25.2,6.8,3.5,191,Yes,No,No,0.21,2023-10-23,High
79,Surat,Ocean,82,28.4,7.7,6.7,265,Yes,Yes,Yes,0.13,2023-04-17,High
80,Goa,Ocean,95,30.7,6.8,6.5,499,Yes,Yes,No,0.33,2023-01-21,High
81,Kolkata,Ocean,65,25.6,6.6,4.4,500,No,No,No,0.42,2023-06-07,Moderate
82,Visakhapatnam,Ocean,44,23.4,7.5,5.5,384,Yes,No,Yes,0.2,2023-02-09,High
83,Goa,Ocean,86,23.3,7.7,8.0,457,No,No,No,0.23,2023-06-25,High
84,Kolkata,Sea,20,26.1,8.5,3.2,290,No,No,Yes,0.21,2023-07-31,Low
85,Visakhapatnam,Ocean,59,30.9,7.8,4.1,322,No,Yes,Yes,0.37,2023-11-04,High
86,Goa,Ocean,75,29.2,6.7,4.2,119,No,No,No,0.21,2023-07-07,Moderate
87,Mumbai,Ocean,51,25.1,8.2,6.7,93,No,Yes,No,0.81,2023-01-11,Moderate
88,Kolkata,River,71,20.0,6.7,7.8,462,Yes,No,Yes,0.34,2023-11-19,High
89,Mumbai,Sea,87,25.2,8.1,6.9,172,No,No,Yes,0.29,2023-11-01,High
90,Goa,Ocean,95,26.7,7.8,7.3,447,No,Yes,Yes,0.12,2023-06-26,High
91,Chennai,River,51,29.3,7.1,3.9,387,Yes,Yes,No,0.17,2023-03-02,High
92,Visakhapatnam,River,85,23.0,7.0,3.1,158,No,Yes,No,0.19,2023-06-24,High
93,Puri,River,24,31.2,8.3,4.2,392,No,No,Yes,0.59,2023-04-28,High
94,Mangalore,River,85,29.3,7.4,4.9,63,No,No,No,0.38,2023-01-16,High
95,Puri,Sea,92,31.7,8.0,4.4,445,No,Yes,No,0.28,2023-04-26,High
96,Mangalore,Sea,65,26.5,7.8,7.8,162,Yes,Yes,No,0.31,2023-11-28,High
97,Kolkata,River,62,23.4,7.2,3.4,84,No,No,Yes,0.98,2023-04-09,Moderate
98,Surat,Ocean,81,24.3,7.5,7.4,415,No,No,Yes,0.28,2023-01-13,High
99,Port Blair,Ocean,15,25.4,7.6,6.1,250,No,Yes,Yes,0.49,2023-06-14,Low
100,Goa,Sea,67,26.3,7.1,3.5,468,Yes,Yes,Yes,0.2,2023-01-11,High
101,Visakhapatnam,Ocean,48,22.8,8.2,5.3,486,No,Yes,Yes,0.55,2023-11-14,High
102,Visakhapatnam,Ocean,62,30.6,7.9,5.0,406,No,No,No,0.55,2023-12-09,Moderate
103,Kochi,Sea,59,22.8,7.2,6.0,278,No,Yes,No,0.93,2023-04-17,Moderate
104,Kolkata,River,85,22.6,8.0,4.2,236,No,No,Yes,0.32,2023-04-28,High
105,Chennai,River,59,24.7,6.9,6.8,98,No,Yes,No,0.65,2023-10-17,Moderate
106,Kolkata,River,36,26.6,7.7,3.7,476,No,Yes,Yes,0.43,2023-07-07,High
107,Puri,River,55,30.3,7.7,3.7,174,No,No,No,0.21,2023-06-16,Moderate
108,Goa,Ocean,74,28.6,7.8,6.5,312,No,Yes,No,0.92,2023-09-17,Moderate
109,Puri,Ocean,32,24.1,7.1,4.0,348,No,Yes,Yes,0.31,2023-08-28,High
110,Visakhapatnam,Sea,29,27.1,7.8,4.2,381,No,Yes,Yes,0.85,2023-07-21,High
111,Chennai,River,79,26.0,6.7,5.7,373,Yes,No,No,0.14,2023-01-06,High
112,Surat,Ocean,41,21.8,6.8,6.3,301,No,Yes,Yes,0.79,2023-09-01,High
113,Goa,Sea,92,26.9,6.9,6.1,360,Yes,Yes,No,0.26,2023-11-12,High
114,Port Blair,Sea,40,28.0,8.0,3.4,272,No,Yes,No,0.28,2023-03-06,Moderate
115,Puri,River,94,20.3,7.5,3.2,137,Yes,Yes,Yes,0.31,2023-12-29,High
116,Mumbai,Sea,21,26.0,7.9,6.2,320,Yes,No,No,0.15,2023-03-04,High
117,Visakhapatnam,River,57,22.9,8.0,6.9,254,No,No,No,0.15,2023-01-30,Moderate
118,Kochi,River,42,23.1,6.7,3.5,95,No,No,Yes,0.44,2023-06-05,Moderate
119,Puri,River,60,27.6,7.5,3.9,339,Yes,Yes,Yes,0.23,2023-05-30,High
120,Chennai,River,82,28.5,7.2,3.0,493,No,Yes,No,0.22,2023-02-22,High
121,Surat,Sea,79,23.4,7.5,6.7,229,No,No,Yes,0.5,2023-08-26,High
122,Surat,River,95,28.5,8.4,5.4,352,No,No,Yes,0.28,2023-09-23,High
123,Port Blair,Ocean,20,22.5,6.8,3.6,114,No,Yes,Yes,0.93,2023-02-22,Low
124,Goa,Sea,46,26.1,8.2,5.1,91,No,Yes,Yes,0.83,2023-07-06,Moderate
125,Puri,River,64,25.9,8.5,3.6,234,No,Yes,Yes,0.9,2023-10-05,Moderate
126,Goa,Sea,23,23.6,7.4,7.1,251,Yes,No,No,0.25,2023-11-17,High
127,Puri,River,41,24.0,7.2,3.3,79,No,No,Yes,0.93,2023-07-26,Moderate
128,Kochi,Ocean,39,22.2,7.3,6.2,290,No,Yes,Yes,0.22,2023-03-02,Low
129,Port Blair,River,67,23.9,7.5,6.8,112,No,No,Yes,0.53,2023-10-06,Moderate
130,Puri,Sea,90,27.8,7.3,5.5,86,No,No,No,0.18,2023-06-21,High
131,Surat,Sea,55,21.9,7.0,5.7,349,No,No,Yes,0.6,2023-02-20,High
132,Kolkata,Sea,20,20.5,8.1,7.1,50,No,No,No,0.11,2023-01-13,Low
133,Port Blair,River,53,27.3,8.0,5.7,97,No,Yes,Yes,0.62,2023-01-19,Moderate
134,Kolkata,Ocean,32,29.2,8.0,6.1,317,No,Yes,Yes,0.23,2023-09-26,High
135,Chennai,Sea,49,27.4,6.9,5.3,368,No,No,No,0.3,2023-09-24,Moderate
136,Surat,River,75,22.5,7.4,5.0,141,No,No,Yes,0.97,2023-11-08,Moderate
137,Visakhapatnam,Ocean,10,22.8,7.4,5.0,269,Yes,Yes,Yes,0.24,2023-12-25,High
138,Surat,Ocean,42,21.6,7.6,3.7,346,No,No,Yes,0.36,2023-01-25,High
139,Mumbai,River,38,25.7,7.0,4.7,268,No,Yes,No,0.42,2023-06-21,Low
140,Kolkata,Sea,50,27.0,7.2,4.1,381,No,Yes,No,0.46,2023-12-05,Moderate
141,Surat,Ocean,23,21.0,7.0,6.1,256,No,Yes,No,0.67,2023-07-19,Low
142,Surat,River,67,27.7,7.2,7.2,315,No,No,Yes,0.17,2023-08-03,High
143,Mumbai,Sea,47,23.1,6.6,7.8,179,No,Yes,Yes,0.65,2023-05-07,Moderate
144,Chennai,Sea,12,28.4,7.5,7.6,145,No,No,No,0.29,2023-01-13,Low
145,Visakhapatnam,River,43,25.1,6.5,4.6,367,No,Yes,Yes,0.59,2023-12-18,High
146,Kochi,Ocean,28,24.2,6.6,7.2,136,No,No,Yes,0.15,2023-08-13,Low
147,Mumbai,River,74,27.7,6.7,4.3,483,No,No,No,0.98,2023-06-20,Moderate
148,Kochi,River,85,27.4,8.2,6.7,295,No,No,Yes,0.3,2023-06-16,High
149,Kolkata,Ocean,23,21.3,7.6,3.8,397,Yes,No,No,0.36,2023-03-18,High
150,Goa,Sea,86,27.6,7.7,7.3,480,No,Yes,Yes,0.16,2023-11-26,High
151,Mumbai,Ocean,67,27.3,6.7,5.1,94,No,No,No,0.6,2023-09-15,Moderate
152,Mumbai,Ocean,80,22.1,8.2,7.1,163,No,No,No,0.19,2023-02-13,High
153,Kochi,Ocean,57,24.8,8.5,5.3,76,No,Yes,No,0.15,2023-12-15,Moderate
154,Surat,Ocean,70,31.8,7.3,5.7,90,No,Yes,Yes,0.7,2023-11-29,Moderate
155,Visakhapatnam,River,51,20.3,6.7,4.9,342,No,No,Yes,0.56,2023-08-15,High
156,Kochi,Sea,39,22.9,7.1,5.5,393,No,Yes,Yes,0.31,2023-07-03,High
157,Kolkata,Ocean,97,28.4,6.7,7.3,125,No,Yes,Yes,0.18,2023-03-17,High
158,Mangalore,River,13,30.6,7.0,5.5,462,No,Yes,No,0.64,2023-12-23,Low
159,Mangalore,Sea,33,29.4,7.6,6.9,418,No,Yes,No,0.36,2023-05-14,Low
160,Surat,Ocean,31,25.4,7.2,3.1,326,No,Yes,Yes,0.45,2023-08-01,High
161,Port Blair,Sea,78,29.9,8.4,6.2,59,Yes,No,No,0.15,2023-12-06,High
162,Goa,Ocean,18,29.6,8.2,6.9,216,No,No,No,0.97,2023-02-06,Low
163,Mangalore,Ocean,94,24.6,8.1,8.0,204,Yes,No,No,0.26,2023-02-07,High
164,Puri,River,27,20.2,6.8,4.9,473,No,No,No,0.88,2023-02-20,Low
165,Chennai,Ocean,34,22.2,7.6,8.0,360,No,No,No,0.2,2023-10-30,Low
166,Mangalore,River,30,31.2,6.9,7.1,380,No,No,No,0.55,2023-08-24,Low
167,Mumbai,Sea,42,21.3,7.3,6.5,361,No,No,No,0.63,2023-04-17,Moderate
168,Kochi,Sea,20,30.2,6.7,7.2,388,No,No,No,0.49,2023-12-10,Low
169,Mumbai,River,86,30.3,6.6,4.2,140,Yes,Yes,Yes,0.32,2023-11-17,High
170,Mangalore,River,22,21.7,6.8,5.4,172,No,No,Yes,0.51,2023-06-24,Low
171,Port Blair,Ocean,80,23.4,8.1,3.2,341,No,Yes,No,0.96,2023-09-17,High
172,Puri,Ocean,86,27.2,7.7,4.8,455,Yes,Yes,Yes,0.13,2023-10-08,High
173,Kochi,Ocean,98,20.3,7.7,4.9,185,No,Yes,No,0.24,2023-06-09,High
174,Surat,River,63,27.9,7.8,6.6,224,No,No,No,0.81,2023-04-07,Moderate
175,Visakhapatnam,Ocean,72,21.5,7.2,6.3,251,Yes,Yes,Yes,0.26,2023-01-17,High
176,Puri,River,46,26.1,8.3,4.3,229,No,Yes,No,0.52,2023-02-12,Moderate
177,Kochi,Ocean,95,22.8,7.7,4.5,213,No,No,No,0.18,2023-05-09,High
178,Surat,Sea,54,27.7,7.8,6.3,182,No,No,No,0.74,2023-10-28,Moderate
179,Mumbai,Ocean,12,26.3,7.0,5.4,377,Yes,Yes,Yes,0.14,2023-10-03,High
180,Port Blair,Ocean,18,26.2,7.4,7.1,227,No,No,Yes,0.75,2023-02-19,Low
181,Kolkata,River,93,21.5,7.8,3.4,295,No,Yes,Yes,0.37,2023-08-23,High
182,Visakhapatnam,Sea,99,31.1,8.3,7.6,288,No,Yes,No,0.36,2023-02-26,High
183,Kochi,Ocean,42,28.9,6.9,6.4,211,No,No,Yes,0.25,2023-10-17,Moderate
184,Kolkata,Ocean,63,29.5,8.1,4.4,310,No,Yes,Yes,0.34,2023-08-06,High
185,Kochi,River,13,20.2,8.1,7.6,105,No,No,No,0.24,2023-06-08,Low
186,Visakhapatnam,Sea,48,23.9,8.2,3.6,461,Yes,Yes,Yes,0.33,2023-12-05,High
187,Visakhapatnam,River,24,28.0,6.9,4.6,463,No,No,No,0.61,2023-10-11,Low
188,Visakhapatnam,River,74,30.4,7.9,5.5,409,No,Yes,Yes,0.39,2023-06-05,High
189,Goa,River,66,30.8,6.7,4.6,337,No,Yes,No,0.51,2023-02-14,Moderate
190,Chennai,Sea,35,27.8,7.4,5.2,466,No,No,No,0.68,2023-09-09,Low
191,Puri,Ocean,40,22.0,7.7,3.6,218,No,Yes,Yes,0.11,2023-02-15,Moderate
192,Kolkata,River,20,24.9,7.7,5.7,358,No,No,Yes,0.19,2023-08-06,High
193,Port Blair,Sea,42,20.6,7.1,7.1,366,No,No,No,0.29,2023-03-18,Moderate
194,Visakhapatnam,River,97,21.4,6.9,3.1,466,No,No,No,0.18,2023-05-01,High
195,Kolkata,Ocean,75,28.9,6.9,6.3,282,No,No,Yes,0.3,2023-07-24,Moderate
196,Surat,Ocean,97,25.3,8.2,4.5,323,Yes,No,Yes,0.29,2023-07-11,High
197,Kolkata,River,63,21.3,7.3,4.1,366,Yes,Yes,No,0.24,2023-08-04,High
198,Mumbai,River,86,29.0,8.2,6.0,426,No,Yes,Yes,0.31,2023-09-28,High
199,Visakhapatnam,Ocean,99,28.0,7.0,6.6,441,Yes,Yes,No,0.32,2023-03-08,High
200,Kochi,River,38,26.2,6.8,7.5,348,No,No,No,0.51,2023-12-06,Low
201,Port Blair,River,99,30.8,6.8,6.3,241,No,Yes,No,0.27,2023-02-23,High
202,Kochi,Sea,42,31.1,7.0,5.3,133,No,No,No,0.47,2023-02-09,Moderate
203,Puri,Ocean,11,20.4,6.9,3.3,281,No,No,No,0.21,2023-10-13,Low
204,Mangalore,Ocean,36,28.9,8.0,4.2,287,No,Yes,Yes,0.47,2023-04-19,Low
205,Mumbai,River,83,30.2,7.8,5.2,405,No,Yes,No,0.2,2023-02-15,High
206,Goa,River,81,27.4,8.3,6.4,250,Yes,No,Yes,0.36,2023-04-08,High
207,Visakhapatnam,Ocean,93,28.3,7.9,3.1,491,No,No,No,0.38,2023-06-12,High
208,Kochi,Sea,78,31.3,8.1,7.1,122,No,Yes,No,0.22,2023-12-08,High
209,Puri,River,88,25.0,7.4,4.1,146,Yes,Yes,Yes,0.17,2023-08-21,High
210,Kolkata,River,40,22.9,6.9,3.7,398,No,Yes,No,0.32,2023-04-01,Moderate
211,Puri,River,90,24.7,8.4,4.1,474,No,Yes,No,0.24,2023-08-08,High
212,Kolkata,River,57,22.8,6.8,7.3,84,No,No,No,0.81,2023-02-09,Moderate
213,Surat,Sea,81,22.3,8.5,5.6,462,No,Yes,No,0.19,2023-01-01,High
214,Goa,Ocean,79,29.8,7.5,7.0,229,Yes,No,Yes,0.15,2023-02-03,High
215,Kochi,Ocean,46,28.4,7.9,3.1,248,No,Yes,Yes,0.92,2023-02-11,Moderate
216,Mangalore,Sea,92,30.5,8.4,7.4,467,No,Yes,No,0.28,2023-02-22,High
217,Puri,River,59,31.2,7.0,5.4,319,Yes,No,No,0.12,2023-01-20,High
218,Surat,Sea,50,21.8,6.6,3.5,432,No,No,No,0.67,2023-11-27,Moderate
219,Chennai,Sea,72,20.9,8.3,5.8,429,No,No,Yes,0.58,2023-12-13,High
220,Surat,River,41,27.5,7.8,5.2,344,No,Yes,No,0.35,2023-06-12,Moderate
221,Mumbai,Sea,87,21.5,7.6,5.8,474,Yes,Yes,No,0.15,2023-03-14,High
222,Puri,River,34,28.1,8.0,7.7,278,Yes,No,No,0.22,2023-10-07,High
223,Chennai,Ocean,100,21.8,8.3,6.6,185,No,Yes,Yes,0.33,2023-08-02,High
224,Mangalore,River,40,22.0,7.4,7.6,372,No,Yes,Yes,0.28,2023-05-23,High
225,Surat,Ocean,70,31.7,7.1,7.0,483,No,Yes,No,0.91,2023-09-21,Moderate
226,Kolkata,Sea,38,29.9,6.7,7.2,386,No,No,No,0.41,2023-01-23,Low
227,Chennai,River,54,28.6,8.1,4.6,477,Yes,No,Yes,0.25,2023-01-12,High
228,Kolkata,River,44,21.4,8.5,7.0,362,Yes,Yes,No,0.13,2023-10-09,High
229,Goa,River,69,29.9,8.0,4.3,87,No,No,No,0.77,2023-04-18,Moderate
230,Visakhapatnam,River,81,25.2,7.8,3.1,361,No,Yes,No,0.19,2023-10-19,High
231,Mumbai,Ocean,11,27.9,7.6,7.4,225,Yes,Yes,No,0.16,2023-12-13,High
232,Kolkata,River,72,31.4,7.2,4.4,475,Yes,Yes,Yes,0.39,2023-03-26,High
233,Chennai,Ocean,63,28.6,6.8,7.3,55,No,No,Yes,0.51,2023-12-30,Moderate
234,Kolkata,River,13,26.9,7.7,6.6,350,Yes,No,No,0.13,2023-12-06,High
235,Visakhapatnam,River,81,22.3,7.1,6.5,250,No,Yes,No,0.28,2023-10-27,High
236,Kochi,River,78,21.2,7.3,7.6,254,No,No,No,0.78,2023-03-18,High
237,Mumbai,River,95,20.8,8.5,7.5,64,No,Yes,No,0.15,2023-08-26,High
238,Mangalore,Ocean,98,27.6,8.0,4.9,340,No,Yes,No,0.37,2023-09-17,High
239,Port Blair,Ocean,80,24.6,8.2,5.9,291,Yes,Yes,No,0.35,2023-09-07,High
240,Visakhapatnam,Sea,36,27.2,8.0,5.5,479,No,No,No,0.51,2023-09-27,Low
241,Kochi,River,19,27.7,8.2,5.3,498,No,Yes,No,0.43,2023-03-11,Low
242,Surat,River,68,20.4,7.0,7.6,423,No,Yes,Yes,0.49,2023-09-10,High
243,Mumbai,River,88,28.8,8.4,5.4,165,No,No,Yes,0.18,2023-12-09,High
244,Surat,Ocean,71,29.1,7.2,4.3,498,Yes,No,Yes,0.16,2023-08-04,High
245,Port Blair,Ocean,33,27.1,7.0,5.6,61,No,Yes,No,0.34,2023-12-31,Low
246,Visakhapatnam,Sea,17,30.7,8.4,4.5,261,No,No,No,0.64,2023-02-04,Low
247,Puri,Sea,28,27.4,7.3,3.6,199,Yes,No,Yes,0.34,2023-04-26,High
248,Visakhapatnam,Ocean,20,28.7,7.1,6.1,105,No,Yes,Yes,0.12,2023-09-16,Low
249,Goa,Ocean,74,31.1,8.2,4.4,315,No,No,No,0.41,2023-09-12,Moderate
250,Kolkata,River,40,20.0,7.1,6.4,137,Yes,Yes,No,0.39,2023-07-20,High
251,Mumbai,Ocean,36,29.3,7.3,7.6,124,Yes,No,Yes,0.24,2023-12-22,High
252,Visakhapatnam,Sea,12,24.2,8.4,6.8,338,No,No,No,0.84,2023-05-10,Low
253,Mangalore,River,57,26.5,7.1,4.6,126,No,No,No,0.75,2023-09-21,Moderate
254,Mangalore,Ocean,56,22.9,8.2,3.7,257,No,Yes,Yes,0.81,2023-07-30,Moderate
255,Mumbai,River,92,26.7,7.7,4.0,197,No,Yes,Yes,0.13,2023-01-27,High
256,Visakhapatnam,Ocean,33,25.4,6.6,3.8,485,Yes,No,No,0.12,2023-01-27,High
257,Kochi,Sea,50,25.7,6.6,5.0,261,Yes,Yes,No,0.36,2023-05-18,High
258,Chennai,Ocean,52,28.1,6.7,4.9,332,No,Yes,Yes,0.31,2023-09-06,High
259,Goa,River,26,24.9,7.2,3.9,475,No,Yes,Yes,0.58,2023-11-19,High
260,Chennai,Ocean,16,29.6,7.8,7.9,489,Yes,Yes,Yes,0.37,2023-02-16,High
261,Kolkata,Ocean,26,24.6,6.7,7.6,156,Yes,Yes,Yes,0.18,2023-09-22,High
262,Kochi,Ocean,67,25.3,8.1,5.3,405,No,No,Yes,0.19,2023-05-23,High
263,Port Blair,Ocean,98,23.8,7.0,5.6,162,No,No,No,0.26,2023-11-09,High
264,Port Blair,Sea,44,31.4,8.0,7.4,80,No,No,Yes,0.11,2023-03-17,Moderate
265,Kochi,River,17,26.2,8.3,3.8,364,Yes,No,No,0.25,2023-12-28,High
266,Goa,Ocean,50,23.0,7.4,7.8,318,No,No,Yes,0.13,2023-12-04,High
267,Port Blair,Sea,16,21.6,6.5,6.6,297,Yes,Yes,Yes,0.23,2023-02-10,High
268,Chennai,Sea,20,22.2,6.7,7.4,179,No,No,No,0.99,2023-02-10,Low
269,Mangalore,River,42,28.5,8.2,3.9,55,No,Yes,Yes,0.54,2023-09-03,Moderate
270,Visakhapatnam,River,54,23.5,7.6,7.7,374,No,No,Yes,0.41,2023-07-08,High
271,Port Blair,Sea,62,25.1,6.7,4.4,441,No,Yes,Yes,0.89,2023-11-15,High
272,Chennai,River,18,21.0,7.4,5.3,422,No,No,Yes,0.39,2023-12-30,High
273,Kolkata,River,74,20.1,7.0,3.7,451,No,No,No,0.2,2023-08-12,Moderate
274,Goa,River,96,25.6,8.1,7.2,387,No,No,Yes,0.13,2023-12-24,High
275,Kochi,Ocean,73,31.8,8.5,5.1,306,No,Yes,No,0.48,2023-03-26,Moderate
276,Puri,Ocean,18,26.6,8.0,5.1,318,Yes,No,Yes,0.2,2023-06-16,High
277,Goa,Sea,16,31.4,7.6,6.5,179,No,No,Yes,0.14,2023-07-28,Low
278,Port Blair,Ocean,65,24.1,7.3,6.3,332,No,Yes,Yes,0.92,2023-09-15,High
279,Puri,River,12,31.0,7.9,3.6,99,No,No,No,0.16,2023-08-29,Low
280,Chennai,Ocean,95,29.9,6.7,4.7,294,No,No,Yes,0.18,2023-05-01,High
281,Port Blair,Ocean,31,27.2,7.5,5.3,330,No,Yes,No,0.35,2023-02-24,Low
282,Kochi,River,77,29.0,7.4,3.4,400,No,No,No,0.63,2023-04-21,High
283,Goa,River,49,31.3,7.9,5.5,220,No,No,Yes,0.39,2023-10-25,Moderate
284,Mangalore,Sea,75,22.9,6.8,3.7,69,Yes,Yes,No,0.35,2023-03-12,High
285,Kochi,Sea,48,29.4,7.9,5.2,245,No,Yes,No,0.53,2023-12-30,Moderate
286,Mumbai,River,45,24.3,6.8,5.3,494,No,No,Yes,0.99,2023-01-03,High
287,Puri,River,67,25.0,6.8,4.1,121,No,No,Yes,0.83,2023-08-23,Moderate
288,Chennai,Ocean,24,20.3,8.4,4.7,475,Yes,Yes,Yes,0.35,2023-02-09,High
289,Mumbai,Sea,18,27.5,7.6,6.5,212,Yes,Yes,No,0.36,2023-09-20,High
290,Kolkata,River,47,27.7,7.6,4.8,393,Yes,Yes,No,0.33,2023-01-10,High
291,Port Blair,River,61,26.3,7.6,5.4,353,No,No,Yes,0.47,2023-07-28,High
292,Kochi,River,38,23.3,7.9,3.1,141,No,No,Yes,0.29,2023-12-25,Low
293,Chennai,Ocean,24,27.4,7.7,5.2,288,Yes,Yes,Yes,0.28,2023-06-06,High
294,Kochi,Ocean,73,23.8,6.7,4.6,358,No,Yes,No,0.12,2023-12-15,Moderate
295,Goa,Ocean,16,25.9,8.1,4.9,61,Yes,Yes,Yes,0.16,2023-04-10,High
296,Port Blair,River,48,21.5,8.0,3.8,267,Yes,No,No,0.28,2023-06-20,High
297,Puri,Ocean,24,27.9,7.1,7.3,442,No,No,Yes,0.37,2023-02-12,High
298,Goa,Sea,24,21.8,6.8,7.9,196,No,Yes,Yes,0.86,2023-03-28,Low
299,Kochi,River,72,25.0,7.9,6.5,207,No,No,Yes,0.79,2023-11-01,Moderate
300,Visakhapatnam,Ocean,82,22.3,8.5,5.4,169,No,No,No,0.37,2023-01-18,High
301,Puri,Ocean,24,28.5,7.7,4.2,165,Yes,Yes,Yes,0.22,2023-05-22,High
302,Visakhapatnam,Ocean,86,24.4,7.5,5.1,61,No,Yes,No,0.2,2023-07-12,High
303,Mangalore,Ocean,68,27.3,8.3,3.2,225,No,No,No,0.68,2023-05-21,Moderate
304,Goa,Ocean,25,29.9,6.6,4.1,348,No,No,Yes,0.3,2023-07-22,High
305,Puri,Sea,31,25.5,6.8,5.7,314,Yes,No,Yes,0.39,2023-01-05,High
306,Visakhapatnam,Ocean,71,24.0,7.5,5.1,114,No,No,No,0.72,2023-06-21,Moderate
307,Visakhapatnam,Ocean,46,22.8,8.5,7.0,82,Yes,Yes,Yes,0.31,2023-04-19,High
308,Mangalore,River,84,29.4,7.2,7.6,480,Yes,No,Yes,0.27,2023-03-30,High
309,Goa,River,58,26.2,8.2,4.6,398,Yes,No,Yes,0.25,2023-12-31,High
310,Surat,River,23,31.0,7.4,7.1,298,No,No,No,0.91,2023-09-16,Low
311,Kolkata,Ocean,25,26.2,6.7,7.4,385,Yes,Yes,Yes,0.18,2023-04-08,High
312,Goa,Ocean,22,28.0,8.0,7.9,149,Yes,No,Yes,0.22,2023-03-07,High
313,Puri,Ocean,32,25.2,7.2,3.6,264,No,Yes,No,0.16,2023-12-29,Low
314,Mangalore,Ocean,86,28.0,6.5,4.6,355,No,No,No,0.21,2023-07-25,High
315,Mumbai,Ocean,80,24.4,7.6,5.9,98,Yes,Yes,No,0.13,2023-03-21,High
316,Visakhapatnam,Sea,84,30.7,7.8,6.8,179,No,No,No,0.28,2023-02-24,High
317,Kolkata,Ocean,11,26.3,7.1,3.9,338,No,No,Yes,0.76,2023-04-15,High
318,Mumbai,Ocean,68,23.7,8.1,4.7,498,No,No,No,0.88,2023-04-22,Moderate
319,Puri,Ocean,50,26.4,8.2,5.1,385,No,Yes,No,0.5,2023-11-25,Moderate
320,Visakhapatnam,River,21,28.6,7.8,6.5,126,Yes,No,No,0.16,2023-11-24,High
321,Mumbai,River,33,22.3,7.6,7.5,63,No,No,No,0.74,2023-02-10,Low
322,Kochi,River,63,22.2,7.4,5.9,185,No,No,No,0.88,2023-02-07,Moderate
323,Surat,River,67,30.0,8.0,7.8,305,No,Yes,No,0.69,2023-02-23,Moderate
324,Port Blair,Ocean,36,31.3,7.9,6.7,112,No,Yes,Yes,0.61,2023-08-28,Low
325,Chennai,Ocean,54,29.2,6.7,3.6,416,No,No,No,0.24,2023-08-15,Moderate
326,Surat,River,10,31.3,7.1,5.1,419,No,Yes,Yes,0.43,2023-10-16,High
327,Kochi,Sea,100,22.2,6.8,3.7,165,No,No,Yes,0.32,2023-01-06,High
328,Chennai,Ocean,13,24.7,6.6,4.1,277,Yes,Yes,Yes,0.23,2023-08-09,High
329,Puri,River,45,24.4,8.1,7.8,348,No,Yes,No,0.69,2023-01-16,Moderate
330,Kolkata,River,12,27.0,7.2,5.9,116,No,No,No,0.3,2023-05-03,Low
331,Mangalore,Sea,50,21.6,7.5,5.8,77,No,Yes,No,0.49,2023-09-16,Moderate
332,Surat,Sea,60,23.4,7.9,3.7,287,Yes,No,No,0.27,2023-11-19,High
333,Port Blair,Ocean,85,30.3,7.0,6.2,460,No,Yes,No,0.36,2023-09-06,High
334,Mumbai,River,54,29.0,7.1,3.3,204,No,Yes,No,0.61,2023-12-11,Moderate
335,Chennai,Ocean,17,26.2,6.6,3.2,463,No,No,Yes,0.6,2023-12-27,High
336,Kochi,Sea,11,30.3,7.6,5.4,56,Yes,Yes,Yes,0.19,2023-07-24,High
337,Puri,River,10,22.7,8.2,6.1,413,No,No,Yes,0.67,2023-05-07,High
338,Puri,Ocean,12,21.3,7.1,6.7,172,No,No,Yes,0.73,2023-07-11,Low
339,Puri,Sea,23,20.1,6.9,5.6,197,No,Yes,No,0.36,2023-04-04,Low
340,Kochi,River,93,24.3,7.0,3.1,306,No,No,No,0.14,2023-07-15,High
341,Mangalore,Sea,34,26.8,8.1,3.9,169,Yes,Yes,No,0.13,2023-03-10,High
342,Surat,River,35,25.0,7.2,6.8,468,Yes,Yes,Yes,0.26,2023-11-12,High
343,Mangalore,Sea,83,22.7,7.1,4.8,314,No,Yes,Yes,0.36,2023-11-27,High
344,Kolkata,Sea,49,23.4,6.6,6.9,432,No,Yes,No,0.93,2023-11-01,Moderate
345,Chennai,Ocean,59,21.7,7.2,4.3,354,No,Yes,No,0.91,2023-10-19,Moderate
346,Visakhapatnam,River,30,22.2,8.4,5.9,419,No,No,No,0.78,2023-12-20,Low
347,Kolkata,Sea,73,24.9,8.0,4.7,295,No,Yes,No,0.45,2023-04-24,Moderate
348,Visakhapatnam,River,76,31.7,6.9,3.2,432,No,Yes,No,0.47,2023-06-13,High
349,Mangalore,River,33,31.8,7.6,7.1,329,Yes,Yes,No,0.25,2023-08-06,High
350,Surat,River,22,21.2,6.9,7.3,180,No,Yes,Yes,0.95,2023-09-29,Low
351,Mangalore,Ocean,51,29.0,8.2,4.5,62,No,Yes,Yes,0.74,2023-11-24,Moderate
352,Kolkata,Ocean,77,30.0,8.1,6.9,118,No,Yes,No,0.94,2023-11-10,High
353,Mangalore,Sea,94,23.2,7.8,5.3,319,Yes,Yes,No,0.33,2023-11-19,High
354,Mangalore,Sea,51,31.8,8.0,5.5,247,No,No,No,0.48,2023-03-14,Moderate
355,Goa,River,85,27.1,6.7,4.8,471,No,Yes,Yes,0.13,2023-06-23,High
356,Mumbai,Sea,93,20.7,7.3,3.2,478,No,No,No,0.22,2023-10-23,High
357,Puri,Sea,32,26.3,6.9,3.4,258,Yes,No,No,0.17,2023-11-16,High
358,Mumbai,Ocean,61,31.7,6.8,7.7,74,No,No,Yes,0.59,2023-02-14,Moderate
359,Surat,Ocean,22,31.4,8.1,3.2,302,Yes,No,Yes,0.21,2023-11-10,High
360,Surat,River,65,20.4,7.8,7.3,96,No,Yes,Yes,0.82,2023-01-31,Moderate
361,Mumbai,River,22,31.7,8.4,4.8,348,No,Yes,Yes,0.69,2023-12-20,High
362,Mumbai,Ocean,56,21.0,7.4,4.2,481,Yes,Yes,Yes,0.35,2023-10-02,High
363,Kochi,River,62,21.7,7.8,7.6,381,Yes,Yes,No,0.15,2023-11-07,High
364,Mumbai,Sea,68,30.1,7.5,6.2,230,Yes,Yes,Yes,0.37,2023-04-01,High
365,Puri,Ocean,30,24.3,7.8,7.0,106,No,No,Yes,0.55,2023-10-21,Low
366,Mumbai,Ocean,78,29.2,7.0,3.8,288,No,No,Yes,0.28,2023-01-20,High
367,Surat,Sea,42,31.3,6.5,7.4,271,No,Yes,No,0.29,2023-05-01,Moderate
368,Mumbai,Sea,48,28.0,7.3,3.7,203,No,No,Yes,0.66,2023-03-15,Moderate
369,Port Blair,River,88,29.0,7.2,7.1,184,No,No,No,0.19,2023-12-15,High
370,Port Blair,Sea,71,28.8,8.0,7.3,251,Yes,Yes,No,0.33,2023-03-20,High
371,Visakhapatnam,River,38,23.8,7.3,4.3,419,No,No,No,0.44,2023-09-13,Low
372,Kolkata,Ocean,75,28.9,7.2,5.7,106,No,No,No,0.33,2023-04-24,Moderate
373,Kolkata,River,35,22.3,6.6,4.5,123,Yes,Yes,No,0.21,2023-02-04,High
374,Chennai,River,32,22.3,8.4,5.4,100,No,Yes,Yes,0.61,2023-12-01,Low
375,Goa,Ocean,33,26.9,7.6,3.5,239,No,No,Yes,0.25,2023-10-09,Low
376,Chennai,River,19,22.5,7.1,6.1,491,No,No,No,0.59,2023-07-09,Low
377,Puri,River,77,24.5,7.7,5.5,267,Yes,Yes,Yes,0.3,2023-03-26,High
378,Surat,Sea,13,31.9,7.7,6.8,97,No,No,No,0.55,2023-02-28,Low
379,Surat,River,22,23.1,8.1,4.1,350,No,No,Yes,0.23,2023-03-20,High
380,Kochi,Ocean,85,23.9,7.7,3.2,299,No,No,No,0.21,2023-01-09,High
381,Visakhapatnam,River,53,21.6,7.3,4.0,212,No,Yes,Yes,0.95,2023-11-01,Moderate
382,Puri,River,21,26.1,7.7,7.2,448,Yes,No,No,0.37,2023-08-30,High
383,Surat,Sea,16,22.6,8.4,6.9,151,No,No,No,0.16,2023-04-04,Low
384,Kochi,Sea,72,30.9,6.6,7.2,262,No,Yes,No,0.47,2023-09-10,Moderate
385,Mumbai,Ocean,54,20.9,7.9,7.0,76,No,Yes,No,0.85,2023-04-11,Moderate
386,Kolkata,Ocean,93,24.6,7.9,6.2,431,No,Yes,Yes,0.11,2023-11-15,High
387,Mumbai,Ocean,70,20.1,8.0,3.5,288,No,Yes,No,0.23,2023-06-24,Moderate
388,Goa,River,82,28.5,6.9,4.8,166,No,Yes,Yes,0.36,2023-01-29,High
389,Mangalore,Ocean,43,28.0,8.3,3.4,216,Yes,Yes,Yes,0.13,2023-02-11,High
390,Puri,Ocean,19,20.6,8.1,5.5,212,Yes,No,Yes,0.35,2023-05-15,High
391,Mangalore,River,31,22.9,7.0,4.6,96,No,No,No,0.2,2023-06-01,Low
392,Visakhapatnam,River,35,20.3,7.8,4.6,188,Yes,Yes,Yes,0.31,2023-03-16,High
393,Mumbai,River,28,31.4,8.3,5.2,188,No,No,Yes,0.46,2023-03-20,Low
394,Mangalore,Sea,38,20.9,6.9,4.9,167,No,Yes,Yes,0.9,2023-06-11,Low
395,Kolkata,Sea,69,30.4,8.4,7.9,133,No,Yes,No,0.59,2023-03-23,Moderate
396,Kolkata,Sea,83,29.3,7.3,7.6,435,No,No,Yes,0.16,2023-02-14,High
397,Surat,Ocean,40,27.9,8.5,7.4,338,No,No,Yes,0.35,2023-10-05,High
398,Port Blair,Ocean,24,22.8,7.3,4.0,107,Yes,No,No,0.3,2023-01-15,High
399,Mangalore,River,86,27.0,6.5,5.8,118,No,Yes,No,0.37,2023-10-20,High
400,Goa,River,51,20.9,7.2,4.3,132,No,Yes,No,0.82,2023-02-05,Moderate
401,Mumbai,Sea,72,28.6,7.2,5.4,52,No,Yes,No,0.39,2023-04-10,Moderate
402,Mangalore,River,95,23.8,7.8,6.7,406,No,No,No,0.11,2023-04-10,High
403,Kochi,Sea,58,31.7,8.1,7.0,396,No,No,Yes,0.88,2023-07-15,High
404,Goa,Ocean,53,28.8,8.4,7.1,372,No,Yes,No,0.89,2023-07-28,Moderate
405,Port Blair,Ocean,34,30.6,7.8,6.9,309,No,Yes,No,0.14,2023-03-20,Low
406,Goa,River,30,23.9,7.6,5.3,292,No,No,No,0.57,2023-04-06,Low
407,Mumbai,Ocean,23,30.6,7.8,4.6,495,No,Yes,No,0.12,2023-05-21,Low
408,Mangalore,River,96,23.5,6.6,7.6,99,No,Yes,No,0.23,2023-09-09,High
409,Kochi,Ocean,84,20.5,8.4,5.9,172,Yes,No,No,0.21,2023-08-12,High
410,Surat,Sea,24,27.9,6.6,7.6,212,Yes,No,No,0.39,2023-11-16,High
411,Puri,River,82,31.3,6.8,5.2,499,No,No,Yes,0.28,2023-02-19,High
412,Kochi,River,86,32.0,8.4,6.8,100,Yes,Yes,No,0.2,2023-09-29,High
413,Kolkata,Sea,79,27.7,7.2,4.4,252,No,Yes,Yes,0.35,2023-09-09,High
414,Mumbai,Ocean,47,29.4,7.2,5.0,358,No,No,No,0.82,2023-12-06,Moderate
415,Kochi,Sea,95,28.0,7.7,5.2,149,No,Yes,Yes,0.4,2023-06-08,High
416,Goa,River,40,21.3,7.4,7.3,204,Yes,No,Yes,0.17,2023-03-16,High
417,Visakhapatnam,Ocean,25,25.6,7.0,7.4,373,No,Yes,Yes,0.43,2023-08-26,High
418,Goa,River,11,20.1,7.9,4.6,316,No,Yes,Yes,0.12,2023-01-15,High
419,Surat,River,68,24.8,7.4,4.1,335,No,Yes,Yes,0.57,2023-02-03,High
420,Kolkata,River,93,29.7,7.7,3.1,141,No,Yes,Yes,0.37,2023-06-13,High
421,Kolkata,River,62,25.1,7.7,5.6,284,No,Yes,Yes,0.48,2023-10-30,Moderate
422,Mumbai,River,74,26.2,6.7,3.8,434,No,No,Yes,0.9,2023-06-14,High
423,Kolkata,Sea,80,23.4,7.4,3.1,244,No,Yes,Yes,0.56,2023-02-03,High
424,Goa,River,57,31.2,8.4,7.3,144,No,No,Yes,0.29,2023-12-20,Moderate
425,Chennai,Ocean,80,22.8,6.9,5.2,316,No,No,No,0.88,2023-03-21,High
426,Mangalore,Ocean,45,26.9,6.9,5.9,325,No,No,No,0.18,2023-12-12,Moderate
427,Goa,River,22,26.7,7.2,5.2,217,No,No,No,0.3,2023-02-03,Low
428,Visakhapatnam,Ocean,46,29.9,6.8,4.0,470,No,No,Yes,0.2,2023-12-22,High
429,Surat,River,52,23.6,6.5,6.7,297,No,Yes,Yes,0.51,2023-10-16,Moderate
430,Goa,Sea,53,20.3,6.9,7.9,219,Yes,Yes,Yes,0.14,2023-04-11,High
431,Visakhapatnam,River,58,26.7,7.6,4.6,344,Yes,No,No,0.34,2023-10-11,High
432,Puri,Sea,55,28.0,6.8,7.9,239,No,Yes,Yes,0.4,2023-03-03,Moderate
433,Mumbai,Sea,20,21.5,7.2,7.1,152,No,Yes,Yes,0.17,2023-02-09,Low
434,Mumbai,River,82,29.1,7.5,4.4,147,Yes,Yes,Yes,0.28,2023-03-05,High
435,Port Blair,Ocean,31,28.3,7.7,3.6,340,Yes,No,No,0.34,2023-12-20,High
436,Visakhapatnam,River,82,28.0,7.2,5.7,483,No,No,No,0.33,2023-11-02,High
437,Puri,Ocean,44,30.1,8.3,6.5,258,No,Yes,No,0.54,2023-06-10,Moderate
438,Port Blair,River,44,30.4,8.2,4.7,123,No,No,Yes,0.71,2023-02-10,Moderate
439,Port Blair,River,13,20.1,6.8,7.2,469,No,Yes,No,0.97,2023-10-04,Low
440,Kochi,River,47,25.9,8.0,7.5,135,No,No,No,0.71,2023-02-21,Moderate
441,Port Blair,Sea,91,20.2,7.5,5.7,429,No,No,No,0.23,2023-02-23,High
442,Goa,Sea,86,25.9,7.4,4.2,331,No,Yes,No,0.28,2023-07-20,High
443,Kolkata,River,78,28.8,7.1,5.0,222,Yes,No,No,0.23,2023-12-30,High
444,Chennai,Ocean,91,24.6,7.4,6.2,310,No,No,Yes,0.4,2023-12-08,High
445,Puri,Sea,48,31.0,7.9,7.8,92,No,No,No,0.32,2023-01-15,Moderate
446,Surat,Sea,93,26.4,6.9,7.3,435,No,No,Yes,0.35,2023-08-27,High
447,Mangalore,River,97,27.0,8.1,7.3,61,No,Yes,Yes,0.13,2023-10-03,High
448,Port Blair,Sea,83,25.3,8.3,5.0,235,No,No,Yes,0.28,2023-09-30,High
449,Visakhapatnam,River,68,28.6,7.3,3.5,127,No,Yes,No,0.76,2023-08-22,Moderate
450,Puri,River,88,21.0,7.9,4.0,427,No,Yes,No,0.12,2023-10-09,High
451,Goa,River,52,30.8,7.0,4.7,67,No,No,Yes,0.9,2023-11-12,Moderate
452,Goa,River,96,20.7,7.2,7.2,378,Yes,No,No,0.24,2023-01-19,High
453,Kolkata,Sea,41,30.9,6.7,3.6,321,No,No,Yes,0.98,2023-04-17,High
454,Puri,Sea,82,25.8,7.5,7.2,150,No,No,Yes,0.26,2023-11-22,High
455,Surat,River,31,20.0,7.8,7.0,484,Yes,Yes,No,0.14,2023-10-11,High
456,Mumbai,Ocean,64,25.3,6.5,4.7,69,No,Yes,Yes,1.0,2023-01-10,Moderate
457,Goa,Ocean,40,27.5,7.8,7.2,310,No,Yes,Yes,0.85,2023-12-01,High
458,Puri,Ocean,12,23.3,6.7,4.0,493,No,Yes,Yes,0.49,2023-05-18,High
459,Visakhapatnam,River,59,25.7,6.5,4.0,115,Yes,No,Yes,0.11,2023-06-15,High
460,Goa,Ocean,41,31.4,6.6,4.0,368,Yes,No,Yes,0.16,2023-09-21,High
461,Visakhapatnam,River,29,30.9,7.7,6.1,341,No,No,Yes,0.32,2023-05-29,High
462,Kochi,Sea,70,21.9,8.5,4.5,211,Yes,No,No,0.35,2023-03-23,High
463,Goa,River,100,25.4,7.6,5.9,413,No,Yes,Yes,0.13,2023-07-24,High
464,Mangalore,Ocean,22,31.3,7.1,4.6,171,No,Yes,No,0.49,2023-06-08,Low
465,Mangalore,River,91,28.9,6.6,6.2,305,No,Yes,Yes,0.17,2023-11-15,High
466,Port Blair,Ocean,98,23.9,8.1,3.7,215,No,No,Yes,0.37,2023-03-27,High
467,Visakhapatnam,River,97,24.4,7.0,6.8,193,No,Yes,No,0.31,2023-04-07,High
468,Puri,Sea,84,29.5,8.3,3.2,84,No,No,Yes,0.28,2023-02-22,High
469,Surat,River,87,24.3,6.9,6.4,449,Yes,Yes,Yes,0.12,2023-10-27,High
470,Kochi,River,56,26.7,7.4,6.4,63,No,No,Yes,0.57,2023-07-16,Moderate
471,Port Blair,River,60,25.6,7.9,6.7,361,No,No,Yes,0.59,2023-07-11,High
472,Port Blair,Sea,82,32.0,7.1,6.9,273,No,No,No,0.36,2023-07-04,High
473,Port Blair,Sea,35,22.1,7.3,4.1,257,Yes,No,Yes,0.29,2023-04-25,High
474,Port Blair,Sea,64,28.3,6.8,5.7,498,No,No,No,0.46,2023-11-04,Moderate
475,Chennai,River,30,27.6,8.1,7.6,130,No,Yes,Yes,0.36,2023-07-21,Low
476,Mangalore,Sea,40,28.9,8.1,4.9,212,No,Yes,Yes,0.75,2023-11-23,Moderate
477,Puri,Sea,10,27.8,8.5,6.1,56,No,Yes,No,0.71,2023-11-16,Low
478,Port Blair,Ocean,43,26.3,6.5,5.9,291,No,No,Yes,0.47,2023-04-01,Moderate
479,Port Blair,Ocean,64,30.2,7.6,7.7,382,No,No,No,0.66,2023-02-03,Moderate
480,Surat,Ocean,69,22.3,7.7,7.8,159,Yes,Yes,No,0.34,2023-08-26,High
481,Chennai,Ocean,99,20.9,7.1,5.7,322,No,No,Yes,0.34,2023-03-14,High
482,Visakhapatnam,River,74,26.1,8.4,3.1,98,No,Yes,No,0.7,2023-04-26,Moderate
483,Puri,Ocean,38,30.7,7.9,5.8,82,No,Yes,No,0.42,2023-10-16,Low
484,Kochi,Sea,67,30.6,6.9,5.1,282,No,No,No,0.49,2023-04-23,Moderate
485,Kolkata,Ocean,36,22.0,8.4,7.2,441,No,Yes,No,0.78,2023-11-06,Low
486,Kochi,River,22,28.8,8.5,3.8,344,No,No,No,0.52,2023-04-01,Low
487,Chennai,River,27,31.0,7.3,7.5,211,No,No,No,0.46,2023-12-13,Low
488,Surat,Ocean,13,21.0,6.9,6.3,275,No,No,Yes,0.16,2023-07-23,Low
489,Kolkata,Ocean,14,26.7,7.4,7.9,368,No,Yes,Yes,0.44,2023-05-18,High
490,Surat,Sea,86,30.0,8.2,4.2,206,No,Yes,Yes,0.12,2023-02-22,High
491,Kolkata,River,43,22.8,7.8,6.3,362,No,No,Yes,0.58,2023-10-06,High
492,Goa,Sea,20,20.2,7.6,3.6,93,No,No,No,0.52,2023-02-01,Low
493,Mangalore,River,83,27.0,7.3,6.3,349,No,Yes,No,0.21,2023-05-19,High
494,Goa,River,51,31.9,8.1,7.4,160,No,No,No,0.78,2023-10-16,Moderate
495,Surat,Ocean,55,23.9,8.1,7.9,96,Yes,No,Yes,0.37,2023-08-27,High
496,Port Blair,Sea,26,30.9,7.2,4.3,314,No,No,Yes,0.32,2023-10-13,High
497,Kolkata,Sea,69,20.4,7.1,7.3,59,No,Yes,Yes,0.3,2023-05-07,Moderate
498,Kochi,Ocean,13,29.5,7.8,5.0,245,No,Yes,Yes,0.58,2023-07-31,Low
499,Kochi,Ocean,44,26.1,6.5,4.0,241,No,No,No,0.57,2023-09-12,Moderate
500,Kolkata,River,48,23.5,7.7,7.8,337,No,No,No,0.36,2023-05-31,Moderate
501,Kolkata,Sea,19,27.6,7.6,5.1,90,No,No,Yes,0.16,2023-10-15,Low
502,Surat,Sea,38,20.7,8.3,4.6,123,Yes,No,Yes,0.11,2023-06-19,High
503,Chennai,River,62,26.7,7.9,5.5,326,No,No,No,0.77,2023-02-01,Moderate
504,Port Blair,Ocean,34,30.6,7.4,3.4,460,No,No,No,0.87,2023-06-14,Low
505,Goa,Ocean,91,23.8,8.0,6.9,128,No,No,No,0.38,2023-04-08,High
506,Kochi,River,15,22.1,6.9,7.7,118,No,No,No,0.22,2023-12-17,Low
507,Goa,Ocean,60,29.5,6.7,4.4,439,No,Yes,No,0.86,2023-03-23,Moderate
508,Kochi,Sea,76,26.3,6.9,5.6,446,No,No,No,0.72,2023-02-14,High
509,Chennai,River,76,29.3,7.1,4.7,183,Yes,No,No,0.32,2023-03-27,High
510,Surat,Ocean,66,31.1,8.4,5.7,123,No,No,Yes,0.76,2023-03-09,Moderate
511,Goa,Ocean,89,26.4,8.3,3.9,213,No,No,No,0.18,2023-08-27,High
512,Visakhapatnam,River,17,23.5,8.2,3.8,91,No,No,No,0.96,2023-10-12,Low
513,Mumbai,Ocean,54,25.4,7.9,4.6,278,No,Yes,No,0.77,2023-06-08,Moderate
514,Visakhapatnam,River,34,24.2,7.4,5.1,491,No,No,Yes,0.7,2023-09-11,High
515,Port Blair,Ocean,61,26.3,8.4,5.9,401,No,Yes,No,0.37,2023-06-18,Moderate
516,Mangalore,Sea,10,27.7,8.2,7.6,360,No,No,No,0.5,2023-12-16,Low
517,Kochi,Ocean,25,24.0,7.0,3.0,208,No,Yes,Yes,0.33,2023-03-10,Low
518,Goa,Ocean,84,23.0,8.0,7.3,467,No,No,No,0.15,2023-05-06,High
519,Chennai,Ocean,57,21.1,7.4,3.3,293,Yes,Yes,No,0.4,2023-11-21,High
520,Mangalore,Sea,42,30.5,7.6,6.2,417,Yes,Yes,No,0.24,2023-06-16,High
521,Mangalore,Ocean,97,31.8,6.7,7.1,62,Yes,No,Yes,0.21,2023-12-06,High
522,Kochi,Sea,25,28.8,6.6,4.4,229,No,No,No,0.96,2023-12-19,Low
523,Surat,River,51,31.8,7.6,6.6,291,No,No,No,0.42,2023-01-16,Moderate
524,Surat,Sea,58,31.7,7.2,7.0,212,No,No,No,0.99,2023-12-08,Moderate
525,Mumbai,River,19,26.8,7.1,4.2,291,Yes,No,Yes,0.33,2023-03-24,High
526,Surat,Sea,41,24.2,6.7,6.2,191,No,No,Yes,0.7,2023-03-07,Moderate
527,Surat,Ocean,56,29.5,7.1,7.2,362,No,Yes,No,0.9,2023-11-21,Moderate
528,Kolkata,River,27,29.9,7.8,3.1,496,Yes,No,Yes,0.39,2023-07-18,High
529,Kochi,River,44,21.2,7.5,4.5,267,Yes,No,No,0.1,2023-08-18,High
530,Surat,River,43,20.7,6.8,3.5,210,Yes,Yes,No,0.36,2023-06-10,High
531,Chennai,Ocean,63,25.8,8.3,6.4,456,Yes,Yes,Yes,0.31,2023-10-09,High
532,Mangalore,Ocean,30,27.5,8.3,7.6,490,No,No,Yes,0.81,2023-09-17,High
533,Kochi,River,25,24.2,7.3,5.0,141,No,No,No,0.75,2023-04-22,Low
534,Kolkata,Sea,27,27.7,8.4,6.3,333,No,No,Yes,0.63,2023-06-17,High
535,Surat,Sea,86,25.0,8.5,4.7,234,No,No,Yes,0.23,2023-05-06,High
536,Port Blair,River,85,23.7,6.7,4.4,385,No,No,Yes,0.31,2023-06-26,High
537,Kochi,River,58,31.4,7.2,5.8,157,No,Yes,Yes,0.96,2023-05-31,Moderate
538,Visakhapatnam,Ocean,67,24.7,7.8,4.5,168,No,No,Yes,0.53,2023-06-13,Moderate
539,Mumbai,Ocean,28,20.5,7.9,4.2,496,No,Yes,Yes,0.61,2023-12-10,High
540,Mangalore,Sea,73,31.5,8.1,3.2,259,No,Yes,Yes,0.21,2023-01-27,Moderate
541,Mangalore,Sea,14,30.9,6.6,3.6,339,No,Yes,No,0.36,2023-11-23,Low
542,Chennai,Ocean,17,21.5,7.2,6.2,78,No,No,No,0.45,2023-08-21,Low
543,Port Blair,Sea,76,20.5,7.7,5.0,292,No,No,No,0.94,2023-08-25,High
544,Chennai,Ocean,25,20.7,8.1,3.9,177,Yes,Yes,No,0.1,2023-11-10,High
545,Port Blair,River,40,23.6,7.7,3.6,169,No,No,Yes,0.13,2024-01-01,Moderate
546,Port Blair,Sea,20,27.5,7.6,6.9,217,No,No,No,0.65,2023-12-14,Low
547,Mumbai,Ocean,72,29.3,8.1,5.9,263,No,No,Yes,0.33,2023-06-02,Moderate
548,Surat,River,58,22.3,7.4,5.3,469,No,No,Yes,0.58,2023-10-05,High
549,Port Blair,Sea,75,31.2,7.8,6.8,483,No,No,Yes,0.6,2023-12-07,High
550,Surat,River,40,31.6,7.5,4.5,402,Yes,Yes,Yes,0.14,2023-06-07,High
551,Mangalore,Sea,33,30.2,8.4,6.0,76,No,Yes,No,0.51,2023-07-23,Low
552,Chennai,Ocean,74,23.6,7.8,6.1,101,Yes,No,No,0.27,2023-02-03,High
553,Port Blair,River,94,29.9,7.6,3.0,463,No,No,Yes,0.33,2023-12-04,High
554,Chennai,Sea,30,22.9,6.9,6.6,374,No,Yes,No,0.37,2023-11-03,Low
555,Mumbai,Ocean,48,23.4,7.2,4.9,498,No,Yes,Yes,0.76,2023-11-03,High
556,Mangalore,Ocean,45,20.8,6.6,3.8,276,No,Yes,Yes,0.86,2023-01-04,Moderate
557,Port Blair,River,94,29.0,8.3,4.8,435,No,Yes,No,0.24,2023-05-11,High
558,Surat,River,74,24.6,8.3,4.3,475,Yes,No,Yes,0.26,2023-05-20,High
559,Chennai,River,78,23.9,8.2,4.5,327,No,No,No,0.26,2023-04-03,High
560,Mumbai,Ocean,51,21.4,7.0,4.2,417,No,Yes,No,0.14,2023-07-28,Moderate
561,Surat,Ocean,48,21.1,8.2,5.4,446,No,Yes,Yes,0.71,2023-04-13,High
562,Port Blair,River,21,24.3,6.7,5.2,228,No,Yes,No,0.39,2023-11-18,Low
563,Port Blair,Sea,52,23.5,7.0,6.3,338,No,No,Yes,0.42,2023-08-25,High
564,Puri,River,83,28.8,8.4,8.0,290,No,Yes,No,0.13,2023-12-12,High
565,Chennai,Ocean,73,27.2,7.9,3.7,282,Yes,Yes,Yes,0.11,2023-05-17,High
566,Kolkata,Ocean,40,26.2,6.7,8.0,225,No,No,No,0.78,2023-07-19,Moderate
567,Puri,Sea,15,25.7,6.7,4.1,169,No,Yes,Yes,0.75,2023-09-09,Low
568,Port Blair,River,93,23.5,7.6,6.0,465,No,No,Yes,0.2,2023-10-15,High
569,Port Blair,River,51,20.3,7.7,3.8,119,Yes,Yes,No,0.17,2023-09-21,High
570,Kochi,Ocean,84,29.9,7.2,7.2,183,Yes,No,No,0.38,2023-03-15,High
571,Visakhapatnam,River,13,25.5,6.8,3.0,236,No,No,No,0.35,2023-01-13,Low
572,Surat,Sea,27,23.0,7.3,3.2,332,No,Yes,No,0.15,2023-11-04,Low
573,Visakhapatnam,River,77,21.7,7.4,4.3,280,No,Yes,Yes,0.53,2023-02-10,High
574,Puri,Sea,89,24.6,7.8,3.6,79,No,No,No,0.36,2023-07-08,High
575,Surat,Ocean,85,28.4,7.6,6.2,194,Yes,No,No,0.27,2023-10-19,High
576,Kochi,River,95,24.6,7.3,4.6,295,No,Yes,No,0.27,2023-07-22,High
577,Kochi,River,69,21.7,7.4,5.7,318,No,No,Yes,0.66,2023-07-06,High
578,Surat,River,54,23.9,8.1,7.6,121,No,No,Yes,0.69,2023-08-14,Moderate
579,Puri,Ocean,35,31.8,6.5,5.8,228,No,No,No,0.17,2023-08-18,Low
580,Puri,River,21,27.2,7.3,7.7,67,No,No,No,0.51,2023-01-18,Low
581,Visakhapatnam,Sea,88,29.1,7.4,6.8,205,No,Yes,Yes,0.26,2023-03-28,High
582,Port Blair,River,68,31.3,7.4,7.4,229,No,No,Yes,0.24,2023-03-01,Moderate
583,Mangalore,River,99,24.6,6.5,7.1,169,Yes,Yes,Yes,0.12,2023-09-12,High
584,Mangalore,Sea,31,26.0,7.9,6.8,496,No,Yes,No,0.44,2023-12-27,Low
585,Kolkata,Ocean,55,27.2,7.7,5.0,264,Yes,No,Yes,0.29,2023-12-17,High
586,Puri,Sea,15,20.5,7.6,5.4,107,Yes,No,No,0.19,2023-05-01,High
587,Kolkata,Sea,15,30.8,6.9,7.4,71,Yes,Yes,No,0.22,2023-04-05,High
588,Mumbai,River,59,22.3,7.7,4.9,274,No,Yes,No,0.27,2023-02-15,Moderate
589,Port Blair,River,78,23.9,6.6,7.3,260,No,Yes,Yes,0.56,2023-09-03,High
590,Chennai,Sea,72,27.4,7.8,3.4,189,No,No,No,0.89,2023-09-04,Moderate
591,Surat,Sea,57,30.9,7.8,6.9,412,No,Yes,Yes,0.53,2023-12-02,High
592,Mumbai,Ocean,85,23.6,8.2,4.2,481,Yes,No,No,0.37,2023-02-21,High
593,Mumbai,River,59,31.8,6.9,3.9,70,Yes,No,No,0.39,2023-07-24,High
594,Mumbai,Sea,70,29.4,8.3,4.7,78,Yes,No,No,0.31,2023-07-29,High
595,Goa,Sea,28,23.1,7.2,3.0,450,No,No,Yes,0.86,2023-12-05,High
596,Surat,River,76,31.4,8.2,3.6,312,No,No,Yes,0.99,2023-12-08,High
597,Mangalore,Sea,36,20.6,7.6,3.5,415,No,No,No,0.32,2023-11-02,Low
598,Mumbai,River,20,25.8,8.1,7.4,443,No,No,No,0.14,2023-01-13,Low
599,Visakhapatnam,Ocean,43,29.4,8.4,7.0,473,No,Yes,Yes,0.45,2023-06-08,High
600,Chennai,Ocean,82,27.5,8.5,3.3,118,Yes,No,No,0.32,2023-10-31,High
601,Port Blair,Sea,27,20.9,6.6,5.2,172,No,No,No,0.69,2023-08-31,Low
602,Visakhapatnam,Sea,83,25.6,7.5,3.9,366,Yes,No,No,0.12,2023-08-30,High
603,Mumbai,Sea,53,20.2,8.5,6.9,327,No,Yes,Yes,0.76,2023-06-23,High
604,Port Blair,River,47,28.6,8.0,4.5,460,No,Yes,No,0.27,2023-10-11,Moderate
605,Mumbai,Ocean,63,25.8,6.5,3.5,374,No,Yes,No,0.45,2023-03-09,Moderate
606,Chennai,River,14,23.3,7.4,3.8,104,No,No,No,0.84,2023-12-05,Low
607,Port Blair,Sea,70,23.1,8.3,5.5,188,No,No,No,0.93,2023-08-18,Moderate
608,Mumbai,Sea,86,23.6,7.5,7.0,101,No,Yes,Yes,0.14,2023-04-07,High
609,Chennai,Ocean,67,29.4,7.3,5.3,437,Yes,No,Yes,0.27,2023-03-18,High
610,Port Blair,River,86,23.0,7.8,4.0,368,No,Yes,No,0.18,2023-01-01,High
611,Mumbai,Ocean,20,22.7,7.8,3.5,146,Yes,No,No,0.29,2023-03-17,High
612,Kochi,Sea,17,20.6,8.2,8.0,279,Yes,No,Yes,0.35,2023-06-10,High
613,Goa,Ocean,14,29.4,8.2,5.3,330,Yes,Yes,Yes,0.1,2023-05-14,High
614,Port Blair,River,42,24.0,7.3,3.8,492,No,Yes,No,0.75,2023-09-28,Moderate
615,Puri,Ocean,80,26.0,8.3,4.6,441,Yes,Yes,Yes,0.3,2023-02-04,High
616,Puri,Ocean,15,20.8,7.8,4.7,367,No,Yes,Yes,0.24,2023-03-20,High
617,Visakhapatnam,River,74,31.1,6.9,6.7,425,No,Yes,Yes,0.39,2023-03-26,High
618,Mumbai,River,66,25.2,7.7,7.8,253,No,No,No,0.81,2023-04-27,Moderate
619,Mumbai,Sea,64,29.7,6.6,4.2,257,No,No,No,0.61,2023-09-16,Moderate
620,Mangalore,River,55,24.7,7.1,3.4,284,Yes,No,Yes,0.24,2023-05-07,High
621,Puri,River,75,20.2,7.3,4.4,351,No,Yes,No,0.69,2023-11-23,Moderate
622,Surat,Ocean,41,25.4,8.4,5.9,309,No,Yes,No,0.77,2023-04-10,Moderate
623,Mangalore,Sea,64,22.4,7.4,6.8,99,Yes,Yes,No,0.26,2023-04-26,High
624,Port Blair,River,39,26.5,8.0,4.6,192,No,Yes,Yes,0.58,2023-10-14,Low
625,Mangalore,River,70,23.6,8.3,6.6,207,No,No,Yes,0.23,2023-12-20,Moderate
626,Chennai,River,45,24.0,7.9,4.5,416,No,No,Yes,0.28,2023-07-18,High
627,Kolkata,River,33,26.0,7.6,7.3,156,No,Yes,Yes,0.25,2023-10-29,Low
628,Puri,River,53,28.3,7.7,4.8,286,No,Yes,Yes,0.97,2023-07-13,Moderate
629,Chennai,Sea,97,30.5,6.9,6.7,152,No,Yes,No,0.19,2023-03-02,High
630,Kolkata,Ocean,55,20.4,7.6,5.9,295,No,No,Yes,0.41,2023-07-29,Moderate
631,Goa,Ocean,16,29.3,8.1,3.9,200,No,No,Yes,0.96,2023-09-10,Low
632,Kochi,Ocean,61,21.5,6.9,5.5,78,Yes,No,No,0.27,2023-10-04,High
633,Puri,River,26,31.7,7.7,3.2,430,No,No,Yes,0.57,2023-06-16,High
634,Goa,Ocean,78,21.0,8.1,4.9,346,No,No,No,0.72,2023-10-13,High
635,Puri,River,83,22.6,6.9,3.4,285,Yes,Yes,Yes,0.36,2023-10-29,High
636,Mangalore,Sea,41,29.7,7.0,4.0,415,No,No,No,0.59,2023-12-02,Moderate
637,Surat,Ocean,81,25.0,7.1,6.4,418,No,Yes,Yes,0.36,2023-07-26,High
638,Mangalore,Sea,35,21.3,7.2,7.9,479,No,No,Yes,0.58,2023-05-04,High
639,Port Blair,Ocean,70,28.0,7.1,6.9,111,No,No,No,0.4,2023-03-22,Moderate
640,Kolkata,River,66,30.8,8.5,7.6,319,Yes,No,Yes,0.22,2023-11-05,High
641,Goa,Sea,63,20.0,7.2,5.4,488,No,No,No,0.22,2023-06-15,Moderate
642,Kochi,River,83,20.4,8.4,5.6,316,No,No,Yes,0.17,2023-11-22,High
643,Kochi,Sea,79,23.7,8.2,3.7,252,Yes,No,Yes,0.12,2023-07-14,High
644,Goa,Sea,66,28.9,7.4,7.5,332,Yes,Yes,No,0.4,2023-02-18,High
645,Surat,Ocean,13,30.6,7.2,5.9,236,Yes,Yes,Yes,0.37,2023-05-03,High
646,Port Blair,Ocean,36,30.7,6.8,4.5,62,No,No,No,0.74,2023-03-17,Low
647,Chennai,River,89,21.1,7.4,3.3,104,No,Yes,Yes,0.3,2023-08-26,High
648,Puri,Ocean,46,25.3,7.6,3.2,241,No,No,Yes,0.59,2023-03-14,Moderate
649,Kolkata,River,63,28.2,8.3,7.6,206,No,No,Yes,0.98,2023-06-24,Moderate
650,Chennai,Sea,83,26.5,7.8,7.4,269,No,Yes,No,0.39,2023-07-02,High
651,Puri,Ocean,53,24.0,8.0,7.5,188,Yes,No,No,0.18,2023-07-16,High
652,Mangalore,Sea,65,30.6,6.6,4.8,422,No,Yes,No,0.54,2023-07-27,Moderate
653,Chennai,Ocean,92,30.9,8.3,5.6,73,No,Yes,Yes,0.17,2023-02-07,High
654,Kolkata,River,26,20.8,8.5,6.5,267,Yes,Yes,Yes,0.38,2023-10-10,High
655,Mangalore,Sea,81,25.9,8.4,6.1,121,No,No,Yes,0.24,2023-06-12,High
656,Kochi,Sea,37,20.4,7.3,6.3,96,No,No,No,0.4,2023-10-10,Low
657,Surat,Ocean,22,24.1,7.1,5.5,410,No,Yes,Yes,0.77,2023-10-19,High
658,Port Blair,Sea,40,24.6,7.8,5.6,249,Yes,No,Yes,0.11,2023-01-10,High
659,Kochi,River,34,28.8,7.2,5.2,231,No,Yes,No,0.46,2023-06-28,Low
660,Puri,Sea,81,22.2,6.7,3.4,371,Yes,Yes,No,0.34,2023-08-22,High
661,Chennai,Sea,25,25.2,8.1,7.6,109,No,No,Yes,0.73,2023-02-28,Low
662,Goa,Ocean,65,24.8,8.3,3.2,198,No,No,Yes,0.69,2023-06-28,Moderate
663,Kochi,River,63,24.9,8.0,3.4,460,Yes,Yes,No,0.32,2023-11-06,High
664,Goa,Ocean,15,27.8,7.9,4.5,165,No,Yes,Yes,0.9,2023-03-12,Low
665,Kochi,River,84,31.5,7.8,3.9,401,No,Yes,Yes,0.22,2023-11-05,High
666,Goa,River,45,27.3,6.9,7.5,455,Yes,No,Yes,0.23,2023-07-25,High
667,Goa,River,52,28.6,6.8,4.1,377,No,No,No,0.34,2023-05-22,Moderate
668,Chennai,Sea,40,20.9,8.4,6.0,473,No,Yes,No,0.94,2023-07-20,Moderate
669,Mumbai,River,34,22.9,6.5,7.6,467,Yes,No,Yes,0.34,2023-05-26,High
670,Kochi,Sea,43,27.4,8.0,4.6,480,Yes,No,No,0.28,2023-12-26,High
671,Mangalore,Sea,15,26.0,7.5,3.4,473,No,Yes,Yes,0.6,2023-09-06,High
672,Puri,River,17,22.7,7.9,6.0,495,No,No,No,0.73,2023-05-15,Low
673,Goa,Sea,55,24.8,7.6,6.8,217,Yes,No,Yes,0.3,2023-06-26,High
674,Mangalore,Sea,65,31.0,6.8,6.9,476,No,No,No,0.55,2023-09-11,Moderate
675,Mumbai,Sea,49,20.1,7.7,3.1,367,No,No,Yes,0.78,2023-01-12,High
676,Goa,Sea,38,21.3,8.2,4.4,75,No,Yes,No,0.52,2023-02-10,Low
677,Mumbai,River,55,22.8,7.6,5.1,308,No,No,Yes,0.53,2023-11-07,High
678,Surat,Ocean,46,27.7,8.0,4.2,336,No,Yes,No,0.95,2023-11-13,Moderate
679,Kolkata,Ocean,93,32.0,8.3,5.3,325,No,Yes,Yes,0.15,2023-12-13,High
680,Kolkata,Sea,69,23.1,6.6,6.8,77,Yes,Yes,No,0.23,2023-07-28,High
681,Surat,Sea,62,28.7,7.9,5.6,226,Yes,No,Yes,0.2,2023-11-23,High
682,Chennai,River,34,29.4,6.9,5.1,442,No,No,Yes,0.5,2023-12-28,High
683,Kochi,Sea,86,25.9,7.0,3.9,182,Yes,Yes,No,0.29,2023-12-16,High
684,Surat,Sea,51,24.1,6.6,5.8,51,No,No,Yes,0.38,2023-12-13,Moderate
685,Visakhapatnam,Ocean,97,27.2,8.2,7.6,343,No,No,No,0.39,2023-01-22,High
686,Mumbai,Sea,79,27.1,7.2,7.9,271,No,Yes,No,1.0,2023-05-09,High
687,Visakhapatnam,River,68,21.1,8.2,5.9,143,No,No,No,0.36,2023-07-11,Moderate
688,Port Blair,Sea,23,31.8,7.7,4.6,414,No,Yes,No,0.67,2023-02-05,Low
689,Visakhapatnam,Ocean,76,27.1,6.5,3.2,213,No,No,No,0.12,2023-05-02,High
690,Visakhapatnam,Ocean,54,27.7,7.9,5.5,340,No,Yes,No,0.87,2023-02-04,Moderate
691,Port Blair,River,100,24.3,7.7,5.1,173,Yes,No,Yes,0.38,2023-11-04,High
692,Chennai,Ocean,92,29.1,7.6,4.1,355,No,No,Yes,0.23,2023-09-26,High
693,Kolkata,River,34,25.1,8.3,4.8,239,No,No,Yes,0.57,2023-05-29,Low
694,Kochi,Ocean,50,21.6,6.8,6.7,53,No,No,Yes,0.12,2023-06-19,Moderate
695,Mumbai,Sea,28,31.4,6.7,3.9,373,No,No,No,0.18,2023-11-25,Low
696,Mumbai,Sea,11,25.0,7.5,4.4,157,Yes,No,Yes,0.14,2023-08-19,High
697,Kolkata,River,56,26.0,8.4,4.5,96,Yes,No,Yes,0.32,2023-01-03,High
698,Goa,River,98,31.8,8.4,6.4,178,No,Yes,Yes,0.34,2023-05-06,High
699,Puri,Ocean,18,31.6,7.7,3.3,197,No,Yes,Yes,0.22,2023-05-12,Low
700,Goa,Ocean,34,22.6,7.4,4.9,448,Yes,No,Yes,0.22,2023-11-16,High
701,Chennai,River,53,21.2,8.4,5.9,239,No,No,No,0.3,2023-04-22,Moderate
702,Kolkata,River,43,25.0,7.4,4.7,413,Yes,No,No,0.32,2023-04-02,High
703,Kolkata,Sea,75,30.5,7.4,5.1,487,Yes,No,Yes,0.33,2023-10-19,High
704,Puri,River,30,21.8,6.7,6.4,434,No,No,Yes,0.24,2023-03-22,High
705,Surat,Ocean,32,29.8,8.2,5.0,400,Yes,Yes,Yes,0.29,2023-02-28,High
706,Surat,River,33,26.7,6.9,4.9,109,No,No,Yes,0.78,2023-03-22,Low
707,Kochi,Sea,43,27.6,7.7,6.7,214,No,Yes,No,0.56,2023-11-22,Moderate
708,Surat,Sea,66,20.2,6.8,3.1,269,No,No,Yes,0.11,2023-09-05,Moderate
709,Kochi,Sea,98,27.2,7.4,3.5,496,No,No,Yes,0.16,2023-12-17,High
710,Chennai,Ocean,36,25.0,6.8,7.4,101,No,No,No,0.64,2023-07-06,Low
711,Kochi,River,72,31.5,7.5,3.5,301,No,Yes,No,0.21,2023-01-29,Moderate
712,Mumbai,River,48,30.3,7.6,7.4,476,Yes,Yes,No,0.1,2023-04-25,High
713,Port Blair,Ocean,60,27.4,7.3,6.5,188,No,Yes,Yes,0.76,2023-03-06,Moderate
714,Surat,Ocean,53,30.8,8.3,3.9,112,No,No,No,0.64,2023-09-25,Moderate
715,Goa,Ocean,79,28.5,7.5,5.1,241,No,Yes,Yes,0.37,2023-07-25,High
716,Mumbai,River,29,23.2,7.2,4.1,345,No,No,No,0.49,2023-01-22,Low
717,Goa,Sea,13,28.8,8.1,5.7,429,No,No,Yes,0.47,2023-02-14,High
718,Port Blair,River,51,21.7,8.0,7.6,283,Yes,No,No,0.24,2023-10-24,High
719,Chennai,River,19,20.1,7.7,7.6,189,No,No,Yes,0.47,2023-01-31,Low
720,Chennai,Sea,44,31.0,7.7,7.4,246,Yes,No,Yes,0.16,2023-05-20,High
721,Visakhapatnam,Ocean,72,20.9,8.5,4.8,108,No,Yes,No,0.67,2023-02-20,Moderate
722,Kolkata,Ocean,80,27.2,7.8,6.9,120,No,No,Yes,0.28,2023-06-05,High
723,Puri,Sea,63,22.6,6.7,7.5,224,No,Yes,No,0.49,2023-09-17,Moderate
724,Mangalore,River,32,20.0,7.5,7.2,80,No,Yes,Yes,0.34,2023-10-02,Low
725,Goa,Sea,58,23.1,8.5,5.3,212,No,Yes,No,0.14,2023-11-26,Moderate
726,Goa,Sea,92,27.1,8.1,5.5,341,Yes,Yes,Yes,0.13,2023-05-29,High
727,Mangalore,Ocean,85,30.0,7.7,3.8,401,No,No,Yes,0.32,2023-04-11,High
728,Kochi,Sea,50,31.4,8.3,4.7,217,No,Yes,Yes,0.36,2023-09-08,Moderate
729,Surat,Ocean,99,22.6,7.3,4.9,187,No,Yes,No,0.29,2023-04-14,High
730,Chennai,River,45,23.5,8.3,6.2,120,No,No,No,0.55,2023-12-09,Moderate
731,Kochi,Sea,16,21.7,6.8,5.1,379,No,No,No,0.35,2023-09-27,Low
732,Puri,Sea,71,26.7,7.5,3.6,150,No,No,No,0.62,2023-04-12,Moderate
733,Mumbai,Ocean,31,26.3,6.9,3.2,184,No,Yes,Yes,0.74,2023-06-01,Low
734,Mangalore,Ocean,36,29.9,8.2,7.6,193,No,No,Yes,0.38,2023-10-17,Low
735,Mangalore,River,63,20.2,7.8,4.5,261,No,Yes,Yes,0.38,2023-01-23,Moderate
736,Port Blair,Sea,33,29.8,6.6,5.3,400,No,No,Yes,0.17,2023-02-28,High
737,Port Blair,River,39,27.7,8.5,5.1,195,No,No,Yes,0.62,2023-11-30,Low
738,Surat,Sea,89,25.4,6.6,4.9,62,Yes,No,Yes,0.3,2023-03-16,High
739,Visakhapatnam,Ocean,94,22.4,7.5,3.6,359,Yes,No,Yes,0.13,2023-09-08,High
740,Puri,Sea,54,27.2,6.6,5.3,341,No,No,No,0.58,2023-11-16,Moderate
741,Kochi,River,20,29.8,7.8,4.3,96,No,No,No,0.23,2023-09-04,Low
742,Mangalore,Sea,86,22.1,6.8,4.4,345,No,Yes,Yes,0.27,2023-08-17,High
743,Visakhapatnam,River,19,20.2,6.7,5.9,250,No,Yes,No,0.82,2023-03-15,Low
744,Port Blair,River,23,20.8,7.9,5.8,460,Yes,Yes,Yes,0.3,2023-08-06,High
745,Surat,River,15,21.6,7.7,7.2,259,No,Yes,Yes,0.38,2023-02-17,Low
746,Kochi,River,94,24.5,6.6,6.6,461,No,Yes,Yes,0.38,2023-11-29,High
747,Kochi,Sea,72,31.8,6.6,4.4,412,No,No,Yes,0.39,2023-06-15,High
748,Mangalore,Ocean,13,22.5,8.4,7.4,278,No,No,No,0.53,2023-05-06,Low
749,Mumbai,River,49,23.7,7.4,7.9,497,No,No,No,0.74,2023-01-19,Moderate
750,Kolkata,Ocean,49,20.8,6.9,5.1,483,No,No,No,0.4,2023-03-10,Moderate
751,Chennai,Ocean,45,31.9,8.0,3.4,368,No,No,No,0.61,2023-02-15,Moderate
752,Mumbai,River,24,23.0,8.0,7.3,228,No,Yes,No,0.58,2023-02-15,Low
753,Kolkata,River,84,29.7,7.5,6.9,207,No,Yes,No,0.32,2023-10-03,High
754,Mumbai,River,76,31.1,7.3,5.5,486,No,Yes,Yes,0.49,2023-07-24,High
755,Puri,Ocean,47,27.6,8.2,4.2,266,Yes,No,Yes,0.11,2023-07-23,High
756,Puri,Sea,85,22.9,8.0,5.1,169,No,Yes,No,0.19,2023-11-16,High
757,Visakhapatnam,River,40,31.6,6.6,7.9,269,No,No,Yes,0.78,2023-11-29,Moderate
758,Port Blair,Ocean,52,31.3,6.5,4.7,191,No,No,No,0.87,2023-05-28,Moderate
759,Surat,Sea,14,28.3,7.7,7.1,346,No,No,No,0.92,2023-06-16,Low
760,Visakhapatnam,River,26,31.4,8.3,4.1,321,No,Yes,Yes,0.63,2023-08-09,High
761,Mangalore,River,66,31.3,7.3,3.8,78,No,No,Yes,0.34,2023-03-05,Moderate
762,Surat,Sea,42,25.4,8.3,4.7,308,Yes,No,Yes,0.4,2023-11-06,High
763,Kochi,Sea,24,28.5,7.5,7.7,460,No,Yes,No,0.32,2023-06-08,Low
764,Visakhapatnam,Sea,53,23.2,7.3,5.1,99,No,Yes,No,0.32,2023-06-12,Moderate
765,Mumbai,Sea,13,31.7,8.4,4.1,313,Yes,No,No,0.12,2023-06-08,High
766,Visakhapatnam,Sea,85,29.1,7.2,6.3,193,No,Yes,Yes,0.22,2023-02-15,High
767,Mumbai,Sea,36,27.7,7.2,6.8,105,Yes,Yes,No,0.2,2023-06-12,High
768,Mumbai,Sea,55,27.4,7.0,8.0,332,No,Yes,Yes,0.17,2023-04-30,High
769,Mumbai,River,84,22.6,7.7,5.1,354,No,Yes,No,0.24,2023-12-23,High
770,Mumbai,Ocean,30,25.2,8.4,8.0,245,No,No,Yes,0.83,2023-06-01,Low
771,Kochi,River,67,31.4,7.4,4.7,484,No,Yes,No,0.36,2023-05-18,Moderate
772,Chennai,Ocean,71,24.4,7.5,5.3,239,No,No,Yes,0.74,2023-05-06,Moderate
773,Port Blair,River,31,28.2,8.4,7.0,163,Yes,Yes,No,0.2,2023-11-11,High
774,Puri,Sea,80,21.1,7.1,4.9,170,No,No,Yes,0.43,2024-01-01,High
775,Kolkata,Ocean,74,20.5,7.6,5.1,446,No,Yes,Yes,0.36,2023-08-09,High
776,Puri,River,44,30.3,7.9,4.1,257,Yes,Yes,No,0.18,2023-05-04,High
777,Mumbai,River,21,27.0,7.3,7.4,114,No,No,No,0.81,2023-11-01,Low
778,Mangalore,River,87,21.4,6.6,5.7,69,Yes,No,No,0.37,2023-04-08,High
779,Kochi,River,44,24.4,7.2,3.1,462,No,Yes,No,0.42,2023-03-16,Moderate
780,Chennai,River,12,22.9,6.5,5.9,210,No,No,Yes,0.37,2023-03-08,Low
781,Kolkata,Ocean,16,20.8,6.8,3.4,486,No,No,Yes,0.45,2023-04-10,High
782,Surat,Sea,88,29.2,8.1,7.1,224,No,No,Yes,0.25,2023-01-26,High
783,Kolkata,River,10,20.3,8.4,7.3,330,No,Yes,No,0.7,2023-03-20,Low
784,Kolkata,Sea,86,27.4,6.8,5.6,79,No,Yes,No,0.18,2023-06-19,High
785,Goa,Ocean,86,22.2,7.6,5.9,468,No,Yes,No,0.23,2023-05-08,High
786,Kochi,Sea,36,29.6,7.3,7.6,95,No,No,No,0.58,2023-12-16,Low
787,Surat,Sea,47,21.8,8.1,4.9,311,No,Yes,Yes,0.29,2023-05-08,High
788,Surat,Sea,75,31.2,7.6,4.6,193,No,No,No,0.21,2023-05-05,Moderate
789,Kochi,Sea,81,31.6,8.0,7.0,298,No,Yes,No,0.25,2023-07-28,High
790,Kochi,Ocean,69,20.2,7.3,5.1,257,No,No,No,0.87,2023-09-14,Moderate
791,Goa,River,88,31.9,7.6,6.3,316,No,Yes,Yes,0.28,2023-06-23,High
792,Kochi,Ocean,85,26.8,8.0,4.3,381,No,No,No,0.3,2023-11-05,High
793,Goa,Ocean,15,30.8,8.1,4.7,159,Yes,Yes,No,0.2,2023-06-25,High
794,Port Blair,Ocean,71,21.9,8.1,5.0,454,Yes,Yes,No,0.23,2023-11-21,High
795,Kolkata,Ocean,32,29.1,6.7,7.2,386,Yes,No,No,0.16,2023-05-13,High
796,Goa,Sea,56,21.1,8.5,5.0,389,No,Yes,No,0.67,2023-03-06,Moderate
797,Goa,Sea,98,20.6,7.0,3.5,249,Yes,Yes,Yes,0.39,2023-03-14,High
798,Mumbai,River,82,25.2,7.6,7.4,224,No,Yes,No,0.36,2023-05-18,High
799,Kochi,Ocean,89,23.7,7.9,5.3,314,Yes,No,No,0.4,2023-05-15,High
800,Surat,Sea,28,22.2,7.9,5.0,74,No,Yes,Yes,0.27,2023-04-12,Low
801,Puri,River,86,31.9,6.9,3.7,469,No,No,Yes,0.26,2023-09-18,High
802,Kochi,Sea,75,26.2,7.4,4.7,112,No,No,Yes,0.52,2023-05-20,Moderate
803,Puri,Ocean,25,21.4,7.2,3.7,495,No,Yes,Yes,0.84,2023-10-22,High
804,Chennai,Ocean,42,30.3,8.1,4.1,333,Yes,No,No,0.38,2023-08-05,High
805,Mumbai,River,34,22.5,7.0,4.0,425,Yes,No,No,0.13,2023-01-06,High
806,Port Blair,Sea,60,27.4,6.8,5.9,118,Yes,No,Yes,0.14,2023-01-08,High
807,Chennai,River,82,22.3,8.5,7.3,370,No,No,Yes,0.39,2023-08-27,High
808,Visakhapatnam,River,90,30.4,7.6,6.2,207,No,No,Yes,0.2,2023-11-25,High
809,Chennai,River,98,25.7,7.1,7.3,471,Yes,Yes,No,0.13,2023-07-26,High
810,Port Blair,Ocean,58,20.9,6.7,5.3,332,No,No,Yes,0.97,2023-06-08,High
811,Mangalore,River,11,26.7,8.0,3.7,440,No,Yes,No,0.76,2023-02-16,Low
812,Puri,Ocean,37,23.4,7.9,4.0,457,No,Yes,Yes,0.58,2023-03-15,High
813,Puri,River,49,27.7,6.7,5.3,162,No,No,Yes,0.63,2023-08-27,Moderate
814,Puri,River,68,25.1,6.7,7.4,491,No,Yes,Yes,0.26,2023-01-02,High
815,Kochi,Sea,78,29.0,6.7,5.1,419,No,Yes,Yes,0.36,2023-01-27,High
816,Mangalore,Ocean,45,31.2,6.9,6.3,340,Yes,Yes,No,0.4,2023-12-02,High
817,Visakhapatnam,River,79,28.4,6.7,6.5,124,No,No,Yes,0.4,2023-02-16,High
818,Surat,Ocean,31,21.8,7.7,7.9,117,No,Yes,Yes,0.84,2023-06-06,Low
819,Mangalore,Sea,68,24.2,7.1,7.7,289,No,Yes,No,0.57,2023-09-26,Moderate
820,Goa,River,49,30.0,7.3,4.4,362,Yes,No,No,0.23,2023-12-08,High
821,Port Blair,Ocean,24,26.8,6.9,7.8,214,No,No,No,0.75,2023-01-20,Low
822,Goa,Sea,27,20.7,7.5,6.7,69,No,Yes,No,0.34,2023-10-31,Low
823,Surat,Sea,79,30.6,6.8,7.1,358,No,Yes,No,0.92,2023-05-07,High
824,Mumbai,River,41,23.1,7.4,6.5,433,No,Yes,Yes,0.72,2023-10-03,High
825,Kolkata,Ocean,19,22.2,7.4,5.6,51,No,No,No,0.79,2023-10-18,Low
826,Chennai,River,19,23.0,7.3,6.7,123,No,Yes,Yes,0.77,2023-02-23,Low
827,Puri,Sea,11,20.4,8.4,4.2,348,No,No,Yes,0.49,2023-04-13,High
828,Kolkata,River,78,29.0,7.0,3.3,158,Yes,Yes,No,0.14,2023-07-22,High
829,Surat,Ocean,100,30.2,6.6,7.9,414,No,Yes,Yes,0.27,2023-03-21,High
830,Goa,Sea,17,20.8,7.8,3.4,220,No,Yes,Yes,0.29,2023-12-22,Low
831,Mangalore,River,39,21.2,7.1,3.2,203,No,No,No,0.15,2023-07-31,Low
832,Kochi,River,26,21.5,8.3,3.5,383,No,Yes,Yes,0.9,2023-08-11,High
833,Chennai,Sea,90,30.6,6.8,5.3,267,No,Yes,No,0.19,2023-03-23,High
834,Visakhapatnam,River,40,25.8,7.6,6.3,174,Yes,Yes,Yes,0.23,2023-07-11,High
835,Mumbai,River,43,21.2,7.7,6.5,133,Yes,No,Yes,0.12,2023-04-06,High
836,Visakhapatnam,Sea,76,24.9,7.2,7.4,357,Yes,Yes,Yes,0.37,2023-12-12,High
837,Surat,River,90,24.2,6.6,7.7,220,No,Yes,Yes,0.35,2023-10-27,High
838,Kochi,Ocean,22,23.9,7.2,3.1,379,Yes,Yes,Yes,0.16,2023-02-17,High
839,Mangalore,Ocean,39,30.5,8.0,3.5,428,No,Yes,No,0.7,2023-12-03,Low
840,Visakhapatnam,Ocean,27,26.7,8.4,7.4,54,Yes,Yes,Yes,0.2,2023-02-02,High
841,Surat,Sea,55,29.3,7.0,7.8,103,Yes,No,Yes,0.23,2023-12-24,High
842,Surat,Ocean,82,30.3,6.6,6.3,200,No,Yes,No,0.38,2023-09-18,High
843,Mumbai,Ocean,100,20.3,8.2,4.5,277,Yes,Yes,Yes,0.32,2023-05-19,High
844,Surat,Ocean,67,27.0,8.2,5.2,247,No,No,Yes,0.7,2023-06-18,Moderate
845,Kolkata,Sea,71,21.9,8.4,4.7,355,No,No,Yes,0.36,2023-07-17,High
846,Goa,Sea,50,23.7,7.0,7.4,260,No,No,No,0.21,2023-08-17,Moderate
847,Port Blair,River,73,24.9,7.3,4.9,408,No,Yes,Yes,0.64,2023-10-15,High
848,Chennai,Ocean,69,20.7,6.5,3.2,89,No,No,No,0.31,2023-08-24,Moderate
849,Goa,Ocean,34,26.7,7.0,6.1,227,No,No,Yes,0.98,2023-08-19,Low
850,Visakhapatnam,River,71,29.1,7.2,6.8,304,No,Yes,No,0.18,2023-06-09,Moderate
851,Port Blair,Sea,66,23.0,6.9,3.0,496,No,Yes,Yes,0.26,2023-11-24,High
852,Goa,Sea,98,21.9,6.6,4.1,180,No,No,Yes,0.29,2023-12-29,High
853,Port Blair,River,69,25.0,7.9,7.2,207,No,No,Yes,0.12,2023-08-08,Moderate
854,Kolkata,Ocean,37,24.3,6.5,5.7,200,Yes,No,Yes,0.11,2023-12-28,High
855,Mangalore,River,22,29.2,7.7,7.4,233,No,No,No,0.21,2023-11-29,Low
856,Visakhapatnam,Sea,77,31.5,7.4,4.5,189,Yes,No,No,0.38,2023-10-23,High
857,Surat,River,45,27.7,6.5,6.3,364,Yes,Yes,Yes,0.15,2023-11-17,High
858,Chennai,Ocean,16,27.3,7.0,8.0,189,No,Yes,Yes,0.84,2023-09-22,Low
859,Visakhapatnam,Ocean,84,24.3,7.2,5.2,255,No,Yes,Yes,0.38,2023-12-13,High
860,Surat,River,72,26.6,8.0,7.3,390,No,No,No,0.24,2023-07-24,Moderate
861,Kolkata,Ocean,87,25.5,8.3,4.9,124,No,No,No,0.3,2023-08-06,High
862,Visakhapatnam,River,49,25.5,6.6,5.1,142,No,Yes,Yes,0.85,2023-10-22,Moderate
863,Mumbai,Ocean,79,23.0,8.5,5.3,242,Yes,No,Yes,0.13,2023-02-05,High
864,Mumbai,River,42,22.9,7.9,7.9,300,Yes,Yes,Yes,0.32,2023-09-06,High
865,Port Blair,Ocean,29,22.4,7.8,5.4,269,No,Yes,No,0.12,2023-05-16,Low
866,Surat,River,78,25.6,7.7,6.3,310,Yes,Yes,Yes,0.28,2023-05-16,High
867,Port Blair,Ocean,44,26.4,7.6,6.7,399,No,Yes,No,0.26,2023-04-06,Moderate
868,Goa,Ocean,69,24.7,8.0,5.5,374,Yes,No,Yes,0.13,2023-09-02,High
869,Kochi,River,74,27.0,7.5,3.7,71,No,Yes,Yes,0.74,2023-01-17,Moderate
870,Mumbai,River,10,29.8,8.3,4.3,248,Yes,No,Yes,0.17,2023-08-02,High
871,Kolkata,River,29,25.2,8.5,3.4,432,No,Yes,No,0.15,2023-12-05,Low
872,Visakhapatnam,River,67,28.4,7.6,5.1,275,Yes,No,Yes,0.34,2023-07-22,High
873,Kolkata,Sea,38,30.1,8.4,5.1,57,No,No,No,0.77,2023-04-15,Low
874,Visakhapatnam,Sea,94,28.5,7.4,6.6,226,No,No,No,0.39,2023-05-16,High
875,Port Blair,Ocean,80,21.9,7.5,3.7,295,No,Yes,Yes,0.55,2023-07-13,High
876,Mumbai,River,33,29.1,8.5,6.3,330,No,No,No,0.8,2023-04-07,Low
877,Mumbai,Ocean,20,28.7,7.6,6.6,212,No,Yes,Yes,0.6,2023-05-21,Low
878,Mangalore,Ocean,52,30.3,6.5,3.2,166,No,No,No,0.43,2023-06-03,Moderate
879,Mangalore,Ocean,67,29.2,7.1,8.0,401,No,No,Yes,0.62,2023-09-25,High
880,Puri,River,74,29.4,8.2,6.1,306,No,No,No,0.33,2023-09-11,Moderate
881,Kochi,Ocean,29,24.4,7.9,7.7,461,No,Yes,No,0.17,2023-01-29,Low
882,Puri,Ocean,90,23.9,7.7,7.6,106,No,Yes,No,0.18,2023-09-26,High
883,Visakhapatnam,Sea,86,30.1,6.7,5.8,130,No,No,No,0.32,2023-12-25,High
884,Mumbai,Sea,62,21.0,7.1,6.1,142,No,No,Yes,0.27,2023-02-15,Moderate
885,Port Blair,Sea,23,31.6,7.7,7.9,112,Yes,No,Yes,0.31,2023-12-11,High
886,Port Blair,River,94,28.8,7.9,3.2,324,Yes,Yes,Yes,0.23,2023-06-09,High
887,Surat,Sea,54,30.4,7.6,4.5,195,Yes,No,No,0.26,2023-05-05,High
888,Mumbai,Sea,21,21.1,8.2,5.1,361,No,No,Yes,0.67,2023-07-02,High
889,Kolkata,Ocean,15,28.2,7.5,5.4,186,No,Yes,Yes,0.14,2023-01-04,Low
890,Kochi,Sea,59,31.2,8.1,7.5,344,Yes,No,No,0.36,2023-03-24,High
891,Mumbai,River,71,31.3,7.4,5.0,427,No,No,No,0.15,2023-12-06,Moderate
892,Kochi,Ocean,78,30.5,8.0,3.8,183,No,Yes,Yes,0.38,2023-08-15,High
893,Puri,Ocean,22,24.6,7.3,6.3,191,No,No,No,0.96,2023-10-11,Low
894,Chennai,Sea,57,27.9,8.0,7.3,82,Yes,Yes,Yes,0.15,2023-01-06,High
895,Port Blair,Ocean,47,30.2,7.1,7.6,94,No,No,Yes,0.12,2023-11-16,Moderate
896,Puri,Ocean,52,23.2,7.1,3.1,398,No,Yes,Yes,0.6,2023-11-25,High
897,Mangalore,Ocean,94,22.9,8.2,5.1,129,No,Yes,No,0.13,2023-04-03,High
898,Mangalore,Sea,100,25.2,8.1,3.2,201,No,No,No,0.14,2023-09-12,High
899,Goa,Sea,11,20.1,7.2,6.7,452,No,Yes,Yes,0.53,2024-01-01,High
900,Kolkata,River,25,28.0,7.4,3.7,99,No,No,No,0.58,2023-01-23,Low
901,Puri,River,45,24.0,6.5,5.5,321,Yes,Yes,Yes,0.36,2023-08-04,High
902,Kolkata,River,35,31.3,8.2,3.1,368,No,No,No,0.85,2023-05-06,Low
903,Surat,Ocean,26,23.2,6.7,6.1,138,No,No,No,0.29,2023-11-16,Low
904,Kolkata,Sea,97,26.9,7.7,5.9,493,No,No,No,0.2,2023-08-29,High
905,Kochi,Ocean,94,22.6,6.7,4.4,316,Yes,Yes,No,0.32,2023-03-06,High
906,Port Blair,Sea,34,22.8,7.1,6.6,89,No,Yes,Yes,0.67,2023-07-10,Low
907,Goa,River,55,22.9,7.6,4.4,205,No,Yes,No,0.71,2023-11-24,Moderate
908,Visakhapatnam,River,13,27.3,7.9,3.9,105,No,Yes,No,0.86,2023-10-16,Low
909,Puri,River,25,24.2,8.3,3.1,126,No,No,Yes,0.33,2023-06-05,Low
910,Mumbai,Sea,41,25.1,8.4,4.9,77,No,No,Yes,0.14,2023-06-22,Moderate
911,Visakhapatnam,River,11,20.1,6.6,7.7,251,Yes,Yes,No,0.29,2023-03-15,High
912,Chennai,River,47,29.0,6.5,7.5,128,No,Yes,No,0.59,2023-02-28,Moderate
913,Goa,Ocean,53,29.4,6.6,4.8,282,Yes,Yes,Yes,0.35,2023-02-18,High
914,Kochi,Sea,50,24.3,7.4,5.2,243,Yes,Yes,No,0.2,2023-08-22,High
915,Surat,Sea,30,30.8,7.5,6.9,200,No,Yes,No,0.16,2023-10-02,Low
916,Visakhapatnam,Ocean,71,30.9,6.6,6.7,358,No,Yes,Yes,0.21,2023-10-09,High
917,Kochi,River,83,29.5,7.8,5.5,398,Yes,Yes,Yes,0.15,2023-09-16,High
918,Surat,Sea,23,28.5,6.9,6.3,236,No,No,No,0.25,2023-03-06,Low
919,Surat,River,19,22.0,6.9,5.0,301,No,No,No,0.74,2023-09-13,Low
920,Chennai,River,71,20.5,6.8,4.0,253,Yes,Yes,No,0.21,2023-04-22,High
921,Mumbai,Ocean,32,22.1,6.9,6.6,114,No,No,No,0.94,2023-05-11,Low
922,Kolkata,Sea,70,25.7,7.4,4.3,247,No,Yes,No,0.21,2023-10-03,Moderate
923,Kochi,Sea,12,26.9,6.6,7.0,267,Yes,No,No,0.25,2023-04-08,High
924,Mumbai,River,94,22.2,7.1,8.0,206,No,No,No,0.16,2023-03-05,High
925,Mumbai,Ocean,32,28.8,6.7,4.5,416,No,Yes,Yes,0.43,2023-07-20,High
926,Chennai,Sea,86,23.6,6.7,4.2,327,No,Yes,No,0.11,2023-08-04,High
927,Port Blair,River,38,31.2,7.8,5.4,422,No,Yes,Yes,0.85,2023-04-03,High
928,Visakhapatnam,River,39,26.5,7.8,5.5,249,No,Yes,Yes,0.51,2023-05-06,Low
929,Puri,Sea,34,22.3,8.5,5.3,235,No,No,Yes,0.93,2023-05-21,Low
930,Surat,Sea,97,23.1,6.7,3.4,373,No,No,Yes,0.14,2023-11-11,High
931,Kolkata,Ocean,10,28.6,7.8,3.5,273,No,No,No,0.94,2023-02-22,Low
932,Kolkata,Sea,29,22.9,8.0,5.7,172,No,No,Yes,0.74,2023-03-25,Low
933,Port Blair,River,44,22.2,7.7,7.7,282,No,Yes,No,0.35,2023-11-15,Moderate
934,Port Blair,River,76,30.3,6.8,4.2,380,Yes,Yes,No,0.22,2023-10-25,High
935,Puri,Sea,30,26.5,7.9,7.9,88,No,Yes,No,0.75,2023-10-10,Low
936,Mangalore,River,27,27.7,8.0,4.8,439,Yes,Yes,No,0.18,2023-09-11,High
937,Chennai,River,30,31.7,6.6,3.9,107,No,Yes,Yes,0.99,2023-06-28,Low
938,Mangalore,River,63,30.9,7.7,4.5,405,No,Yes,No,0.59,2023-04-23,Moderate
939,Surat,Sea,77,22.6,7.7,7.0,198,No,Yes,Yes,0.99,2023-12-09,High
940,Mumbai,River,45,28.7,7.8,4.3,89,No,No,Yes,0.4,2023-01-09,Moderate
941,Mangalore,River,68,29.1,7.7,6.5,394,No,Yes,No,0.38,2023-09-02,Moderate
942,Puri,Sea,54,27.4,8.4,4.5,305,Yes,Yes,Yes,0.29,2023-03-17,High
943,Mumbai,River,93,29.0,6.9,7.8,331,Yes,No,Yes,0.19,2023-02-10,High
944,Puri,Ocean,24,26.6,8.1,5.5,163,Yes,Yes,No,0.24,2023-01-31,High
945,Goa,Sea,62,28.8,7.8,3.1,211,No,Yes,No,0.87,2023-09-19,Moderate
946,Visakhapatnam,Sea,39,26.8,7.2,7.5,165,Yes,Yes,No,0.21,2023-08-08,High
947,Surat,River,81,26.6,8.1,6.9,225,No,No,No,0.2,2023-10-17,High
948,Goa,Ocean,80,21.4,8.1,5.3,373,No,No,No,0.19,2023-12-31,High
949,Port Blair,Ocean,100,22.5,8.2,6.8,218,Yes,No,No,0.34,2023-04-13,High
950,Surat,Sea,90,25.4,6.9,3.1,222,No,No,Yes,0.2,2023-07-16,High
951,Puri,Ocean,46,30.8,6.8,6.5,411,Yes,No,No,0.37,2023-07-13,High
952,Surat,Sea,23,31.4,6.9,3.2,470,No,No,Yes,0.72,2023-02-23,High
953,Kolkata,Sea,13,29.4,7.0,4.2,212,Yes,Yes,Yes,0.25,2023-06-11,High
954,Chennai,Ocean,13,22.1,7.3,7.4,249,No,No,No,0.84,2023-03-01,Low
955,Goa,Sea,13,23.8,7.5,4.6,199,No,No,No,0.6,2023-08-06,Low
956,Surat,Ocean,17,27.5,7.6,5.8,403,No,Yes,No,0.25,2023-03-16,Low
957,Puri,River,37,20.6,7.4,4.9,384,No,No,No,0.59,2023-12-26,Low
958,Mumbai,River,41,30.4,7.2,6.8,147,No,No,No,0.23,2023-11-29,Moderate
959,Mumbai,River,10,26.6,6.6,7.2,50,Yes,Yes,No,0.4,2023-07-17,High
960,Port Blair,Sea,73,30.5,8.4,4.7,497,Yes,Yes,No,0.39,2023-09-13,High
961,Chennai,Sea,89,29.0,6.7,3.5,390,No,No,No,0.28,2023-01-31,High
962,Kochi,River,20,22.8,7.3,6.3,456,Yes,No,No,0.39,2023-07-09,High
963,Mumbai,Sea,56,21.6,7.7,4.5,488,Yes,Yes,Yes,0.34,2023-06-22,High
964,Chennai,River,23,30.7,7.7,5.5,435,No,Yes,Yes,0.91,2023-09-08,High
965,Goa,River,41,30.2,7.3,6.6,131,Yes,Yes,No,0.21,2023-10-06,High
966,Kolkata,Sea,12,20.5,6.5,5.5,128,No,No,Yes,0.6,2023-07-10,Low
967,Mumbai,Sea,79,27.1,6.6,5.0,85,No,Yes,No,0.58,2023-01-17,High
968,Kochi,River,43,22.3,7.7,5.7,205,No,No,Yes,0.19,2023-09-20,Moderate
969,Goa,Sea,17,26.0,7.1,5.2,244,No,Yes,No,0.45,2023-10-23,Low
970,Visakhapatnam,Sea,80,24.9,6.8,3.4,74,Yes,No,Yes,0.12,2023-07-29,High
971,Mumbai,Ocean,51,25.8,7.8,4.9,229,No,Yes,Yes,0.27,2023-03-20,Moderate
972,Port Blair,Ocean,88,30.1,8.2,4.8,192,No,No,Yes,0.29,2023-09-07,High
973,Puri,River,97,25.2,7.9,3.4,100,No,No,Yes,0.39,2023-05-05,High
974,Kochi,Ocean,22,20.4,7.9,6.9,80,No,Yes,Yes,0.17,2023-12-17,Low
975,Goa,Sea,12,21.3,7.9,3.6,59,No,No,No,0.95,2023-09-04,Low
976,Kochi,Sea,18,31.4,7.5,6.7,102,No,No,Yes,0.16,2023-12-12,Low
977,Mumbai,Ocean,45,26.1,8.0,7.7,449,No,Yes,Yes,0.22,2023-03-18,High
978,Kolkata,River,14,24.4,7.6,6.3,206,No,No,Yes,0.57,2023-04-08,Low
979,Puri,River,56,31.8,8.0,6.0,85,No,Yes,No,0.33,2023-10-15,Moderate
980,Puri,Sea,21,22.1,8.0,4.9,233,Yes,No,No,0.19,2023-08-16,High
981,Mumbai,Sea,52,24.3,7.2,5.3,485,No,No,No,0.46,2023-04-07,Moderate
982,Kochi,Ocean,86,24.5,8.0,4.7,215,No,Yes,Yes,0.34,2023-05-01,High
983,Goa,Sea,63,21.5,7.7,5.5,338,No,No,Yes,0.8,2023-02-08,High
984,Visakhapatnam,River,55,28.8,7.8,4.5,68,Yes,No,Yes,0.25,2023-01-26,High
985,Chennai,Ocean,84,23.9,7.0,6.2,100,Yes,No,Yes,0.1,2023-09-28,High
986,Chennai,River,38,31.4,7.9,5.5,238,No,Yes,No,0.7,2023-04-18,Low
987,Port Blair,River,19,21.7,6.9,5.2,394,No,Yes,Yes,0.17,2023-09-05,High
988,Kochi,Sea,45,22.1,6.7,6.3,452,Yes,No,Yes,0.12,2023-03-13,High
989,Surat,River,28,29.3,7.1,6.4,162,No,No,Yes,0.93,2023-08-06,Low
990,Mangalore,River,39,29.3,7.1,7.3,413,Yes,No,Yes,0.22,2023-06-16,High
991,Goa,River,56,23.7,6.8,3.3,391,No,No,No,0.3,2023-03-02,Moderate
992,Mangalore,Ocean,56,22.7,6.6,3.6,453,Yes,Yes,No,0.32,2023-01-26,High
993,Mumbai,River,11,25.0,7.8,7.1,357,No,No,No,0.79,2023-01-29,Low
994,Mangalore,River,19,22.0,6.8,6.7,218,No,Yes,Yes,0.75,2023-09-02,Low
995,Mangalore,Ocean,98,30.7,6.6,6.9,464,No,Yes,No,0.19,2023-01-10,High
996,Visakhapatnam,River,22,21.2,7.5,5.9,88,Yes,No,No,0.11,2023-07-22,High
997,Mangalore,Sea,47,27.7,8.4,4.5,194,No,No,Yes,0.67,2023-10-13,Moderate
998,Goa,River,15,23.7,7.6,4.4,348,No,No,Yes,0.36,2023-01-14,High
999,Mangalore,River,15,22.0,6.6,3.5,146,Yes,No,No,0.4,2023-12-30,High
1000,Kochi,Sea,20,29.9,7.3,4.1,54,No,Yes,No,0.61,2023-09-22,Low
1001,Mumbai,Ocean,82,26.0,7.3,3.4,161,No,No,No,0.12,2023-05-16,High
1002,Kochi,Sea,98,26.7,6.7,4.1,261,Yes,No,Yes,0.21,2023-03-19,High
1003,Puri,Ocean,71,20.1,7.2,3.8,284,Yes,No,No,0.39,2023-09-20,High
1004,Kochi,River,82,27.7,7.0,4.7,424,No,No,No,0.21,2023-03-25,High
1005,Chennai,Sea,21,20.0,7.5,4.3,225,No,No,No,0.24,2023-04-13,Low
1006,Goa,Sea,30,30.7,8.2,6.2,232,No,No,No,0.27,2023-05-17,Low
1007,Puri,Ocean,83,31.3,8.2,3.2,104,No,No,Yes,0.2,2023-02-03,High
1008,Puri,Ocean,61,22.8,8.3,5.8,383,No,No,Yes,0.32,2023-10-01,High
1009,Mangalore,Ocean,17,30.7,7.7,4.7,51,No,No,No,0.75,2023-07-03,Low
1010,Surat,River,37,21.6,7.2,3.1,323,No,No,Yes,0.44,2023-08-06,High
1011,Goa,River,32,21.6,7.8,7.0,260,Yes,No,No,0.29,2023-09-23,High
1012,Visakhapatnam,Ocean,26,30.2,7.9,4.9,196,No,Yes,No,0.66,2023-03-23,Low
1013,Port Blair,Ocean,67,31.0,7.2,6.4,255,No,No,Yes,0.15,2023-11-05,Moderate
1014,Surat,Sea,98,25.3,8.0,6.6,419,Yes,Yes,No,0.37,2023-01-06,High
1015,Kochi,Sea,50,23.3,6.9,6.6,460,No,No,Yes,0.63,2023-07-05,High
1016,Port Blair,Ocean,60,25.8,7.6,7.8,136,No,No,Yes,0.52,2023-02-22,Moderate
1017,Goa,River,33,21.0,7.7,3.6,264,Yes,Yes,Yes,0.11,2023-10-19,High
1018,Puri,Ocean,94,25.0,7.0,3.9,70,Yes,Yes,Yes,0.33,2023-06-04,High
1019,Visakhapatnam,Sea,95,26.1,6.8,4.9,446,Yes,Yes,No,0.19,2023-03-23,High
1020,Mumbai,Sea,24,25.4,6.8,3.1,234,No,No,No,0.95,2023-09-12,Low
1021,Mumbai,Ocean,84,31.3,7.5,5.3,386,No,Yes,No,0.19,2023-11-10,High
1022,Puri,Sea,100,28.1,7.6,7.7,475,No,No,Yes,0.24,2023-12-24,High
1023,Port Blair,River,30,23.4,7.4,7.8,357,No,Yes,No,0.91,2023-09-25,Low
1024,Kochi,River,85,24.9,7.7,5.0,170,No,No,Yes,0.27,2023-01-19,High
1025,Mumbai,Ocean,22,25.8,7.9,3.1,57,No,No,No,0.32,2023-10-16,Low
1026,Puri,Ocean,46,26.1,7.3,4.1,494,No,No,Yes,0.74,2023-05-14,High
1027,Visakhapatnam,Sea,100,24.0,8.0,5.9,424,Yes,No,Yes,0.37,2023-12-03,High
1028,Chennai,Ocean,17,31.8,8.1,7.1,372,No,Yes,Yes,0.36,2023-10-03,High
1029,Surat,Sea,12,21.2,7.8,7.0,463,No,Yes,No,0.35,2023-07-08,Low
1030,Kochi,Sea,37,21.6,7.0,3.7,467,No,No,No,0.86,2023-08-16,Low
1031,Chennai,Sea,100,21.2,7.9,7.4,239,No,No,No,0.17,2023-07-29,High
1032,Mumbai,Sea,96,26.7,6.7,6.6,127,No,Yes,No,0.15,2023-07-18,High
1033,Visakhapatnam,Sea,13,24.0,7.0,4.6,450,Yes,Yes,Yes,0.21,2023-11-22,High
1034,Kochi,Ocean,93,22.7,7.0,5.2,313,Yes,No,No,0.26,2023-02-08,High
1035,Port Blair,Ocean,66,28.7,7.7,5.2,372,No,No,No,0.33,2023-09-28,Moderate
1036,Puri,River,56,31.8,7.5,8.0,233,No,Yes,Yes,0.91,2023-09-10,Moderate
1037,Surat,River,91,22.4,6.8,6.6,368,No,No,Yes,0.32,2023-03-03,High
1038,Port Blair,River,44,21.3,7.6,4.0,338,Yes,No,No,0.25,2023-07-19,High
1039,Kochi,River,45,25.2,7.7,5.0,158,Yes,No,Yes,0.24,2023-06-14,High
1040,Port Blair,Sea,74,25.3,8.2,5.3,482,No,Yes,Yes,0.9,2023-10-19,High
1041,Port Blair,Sea,54,24.4,7.1,3.0,471,No,No,No,0.98,2023-10-01,Moderate
1042,Mumbai,River,74,31.4,7.0,4.4,277,No,Yes,Yes,0.47,2023-01-22,Moderate
1043,Surat,Sea,11,27.8,6.5,3.9,188,No,No,Yes,0.42,2023-01-26,Low
1044,Mangalore,River,78,29.4,6.7,8.0,162,No,Yes,No,0.25,2023-09-20,High
1045,Kolkata,River,78,27.5,7.1,5.3,62,No,No,Yes,0.36,2023-08-08,High
1046,Puri,River,62,21.5,8.0,7.8,373,Yes,No,No,0.33,2023-06-15,High
1047,Surat,River,90,22.2,7.0,5.0,310,No,No,Yes,0.26,2023-04-25,High
1048,Port Blair,Ocean,78,21.6,7.7,8.0,353,Yes,No,Yes,0.25,2023-06-20,High
1049,Surat,Sea,32,28.1,6.5,7.7,257,No,No,Yes,0.88,2023-12-04,Low
1050,Kolkata,River,39,24.6,7.8,7.6,380,No,No,No,0.78,2023-05-30,Low
1051,Chennai,Ocean,68,30.0,8.4,7.0,262,No,Yes,No,0.65,2023-06-28,Moderate
1052,Kochi,River,36,22.2,7.1,5.4,96,Yes,Yes,No,0.17,2023-04-29,High
1053,Surat,Sea,92,20.4,7.6,4.8,331,No,Yes,No,0.28,2023-10-22,High
1054,Visakhapatnam,Ocean,81,21.8,7.1,7.2,268,Yes,Yes,No,0.11,2023-04-04,High
1055,Port Blair,River,84,25.0,7.4,6.8,101,Yes,No,Yes,0.14,2023-02-28,High
1056,Surat,Ocean,60,22.9,7.1,5.1,201,No,No,Yes,0.15,2023-12-11,Moderate
1057,Port Blair,Sea,68,25.6,7.7,8.0,447,No,Yes,Yes,0.73,2023-03-16,High
1058,Surat,Ocean,86,30.2,7.2,6.1,79,No,No,No,0.21,2023-06-03,High
1059,Mumbai,Sea,79,27.7,8.3,4.8,161,No,Yes,Yes,0.12,2023-12-15,High
1060,Visakhapatnam,River,30,27.8,7.9,4.5,383,No,Yes,No,0.32,2023-07-16,Low
1061,Kolkata,River,13,30.8,7.3,4.0,234,No,Yes,No,0.9,2023-09-11,Low
1062,Kochi,River,39,22.7,6.6,7.1,347,No,Yes,No,0.89,2023-03-28,Low
1063,Chennai,River,21,22.3,6.6,6.1,464,No,No,Yes,0.19,2023-01-04,High
1064,Kolkata,Ocean,65,20.6,8.2,6.3,361,No,Yes,Yes,0.12,2023-04-16,High
1065,Puri,Ocean,91,27.5,8.0,5.6,61,No,No,Yes,0.36,2023-10-10,High
1066,Visakhapatnam,Sea,45,29.2,7.7,6.6,293,No,Yes,No,0.59,2023-07-04,Moderate
1067,Mumbai,Ocean,53,21.1,7.2,5.8,70,No,No,No,0.63,2023-06-27,Moderate
1068,Kochi,Sea,77,27.6,6.8,3.3,219,No,No,Yes,0.36,2023-05-29,High
1069,Mumbai,River,76,21.9,8.5,6.9,485,Yes,Yes,Yes,0.19,2023-09-22,High
1070,Kolkata,River,27,24.0,7.8,3.1,135,No,No,Yes,0.43,2023-11-23,Low
1071,Chennai,Sea,80,26.0,6.9,6.2,464,No,Yes,No,0.82,2023-04-19,High
1072,Port Blair,Sea,22,24.3,6.7,4.4,214,No,No,No,0.4,2023-05-03,Low
1073,Chennai,River,11,21.8,7.8,8.0,376,Yes,No,No,0.16,2023-11-10,High
1074,Chennai,Ocean,32,30.1,8.2,3.2,214,No,Yes,Yes,0.43,2023-03-24,Low
1075,Puri,Sea,18,30.2,7.9,5.9,128,Yes,Yes,Yes,0.23,2023-10-05,High
1076,Mumbai,River,51,28.8,7.7,6.7,57,Yes,Yes,No,0.18,2023-05-24,High
1077,Surat,Sea,96,28.9,8.2,7.7,279,No,Yes,Yes,0.2,2023-03-12,High
1078,Goa,Sea,32,22.3,8.4,4.2,345,No,No,No,0.76,2023-03-01,Low
1079,Mumbai,River,50,23.3,8.3,5.0,92,Yes,Yes,Yes,0.3,2023-07-03,High
1080,Mumbai,River,76,28.7,8.2,7.5,408,Yes,No,Yes,0.24,2023-06-24,High
1081,Visakhapatnam,Sea,84,30.2,6.7,7.3,342,No,No,No,0.38,2023-10-05,High
1082,Visakhapatnam,Sea,41,23.2,7.4,7.4,490,No,No,Yes,0.92,2023-02-03,High
1083,Goa,Ocean,75,22.3,7.7,3.0,104,No,No,Yes,0.78,2023-09-30,Moderate
1084,Port Blair,River,35,22.2,8.3,4.9,301,No,Yes,No,0.74,2023-11-13,Low
1085,Chennai,Sea,34,21.8,7.8,6.4,167,No,Yes,No,0.76,2023-08-05,Low
1086,Chennai,Sea,72,20.2,7.8,5.9,276,No,Yes,No,0.83,2023-05-22,Moderate
1087,Kolkata,Ocean,27,20.5,8.2,3.0,131,No,Yes,No,0.72,2023-08-02,Low
1088,Puri,River,100,24.8,6.8,5.1,458,No,Yes,No,0.28,2023-08-01,High
1089,Visakhapatnam,Ocean,46,24.5,8.0,6.6,410,Yes,No,Yes,0.16,2023-09-20,High
1090,Chennai,Sea,91,21.5,7.6,6.6,313,No,Yes,Yes,0.2,2023-12-04,High
1091,Port Blair,River,80,22.7,8.0,4.5,266,No,No,No,0.72,2023-05-22,High
1092,Puri,Sea,44,22.9,6.8,7.6,404,No,No,No,0.63,2023-08-07,Moderate
1093,Mumbai,Sea,47,26.9,7.3,6.7,296,No,Yes,No,0.65,2023-09-07,Moderate
1094,Surat,Sea,10,25.7,7.2,6.5,486,Yes,No,No,0.27,2023-07-15,High
1095,Mumbai,River,45,20.8,7.5,4.8,334,Yes,Yes,Yes,0.31,2023-03-05,High
1096,Kochi,Sea,42,26.6,7.4,5.2,312,No,Yes,Yes,0.35,2023-04-05,High
1097,Chennai,River,49,27.4,7.3,5.4,420,No,Yes,No,0.44,2023-11-24,Moderate
1098,Mangalore,Sea,33,26.0,7.8,4.1,381,No,Yes,Yes,0.16,2023-09-09,High
1099,Puri,Ocean,69,31.1,8.4,7.2,146,No,Yes,Yes,0.2,2023-01-23,Moderate
1100,Puri,Ocean,98,28.7,7.8,4.0,334,No,Yes,No,0.16,2023-05-02,High
1101,Port Blair,Sea,50,20.8,7.0,4.1,274,No,Yes,No,0.98,2023-11-30,Moderate
1102,Port Blair,Sea,25,23.7,7.2,5.5,457,Yes,Yes,No,0.22,2023-10-11,High
1103,Goa,River,100,28.6,8.2,4.1,459,No,Yes,No,0.32,2023-02-22,High
1104,Goa,Ocean,87,25.8,7.8,5.6,245,No,Yes,No,0.14,2023-10-31,High
1105,Puri,River,51,30.1,8.5,5.7,163,Yes,No,No,0.33,2023-10-05,High
1106,Mumbai,Ocean,89,22.1,6.9,7.9,57,No,Yes,No,0.15,2023-08-10,High
1107,Chennai,Ocean,21,23.6,7.4,5.7,171,No,Yes,No,0.17,2023-10-12,Low
1108,Puri,Sea,98,31.9,7.7,6.6,480,No,No,Yes,0.37,2023-08-31,High
1109,Mangalore,Sea,99,31.1,6.5,6.6,142,No,Yes,Yes,0.29,2023-11-17,High
1110,Chennai,Ocean,49,22.7,7.1,5.5,354,Yes,Yes,No,0.32,2023-04-24,High
1111,Mangalore,River,79,28.6,7.2,5.8,61,No,Yes,No,0.53,2023-10-22,High
1112,Goa,River,86,20.8,7.4,3.9,205,No,No,Yes,0.19,2023-03-24,High
1113,Kochi,River,68,29.1,8.2,5.3,124,Yes,Yes,Yes,0.27,2023-12-13,High
1114,Port Blair,Sea,96,20.3,8.0,4.4,393,No,No,Yes,0.34,2023-03-16,High
1115,Kolkata,Sea,23,25.2,7.4,5.8,274,No,Yes,No,0.47,2023-07-31,Low
1116,Goa,River,71,30.8,6.9,5.1,387,No,No,No,0.39,2023-01-07,Moderate
1117,Kolkata,River,22,26.1,7.5,5.9,293,No,No,No,0.87,2023-11-22,Low
1118,Goa,Ocean,62,31.6,7.8,6.3,89,No,Yes,Yes,0.27,2023-12-17,Moderate
1119,Kochi,Ocean,20,21.9,8.2,7.6,357,No,Yes,No,0.77,2023-10-23,Low
1120,Goa,Sea,78,31.0,8.2,4.8,345,Yes,No,Yes,0.21,2023-11-27,High
1121,Goa,Ocean,31,30.9,6.9,3.8,269,No,No,Yes,0.94,2023-12-04,Low
1122,Visakhapatnam,Ocean,49,30.7,7.2,7.2,253,No,No,Yes,0.99,2023-04-04,Moderate
1123,Puri,Ocean,54,24.9,8.4,3.3,57,Yes,No,Yes,0.3,2023-09-03,High
1124,Chennai,Ocean,40,24.0,8.1,4.0,241,No,Yes,No,0.18,2023-10-19,Moderate
1125,Port Blair,Sea,72,22.2,7.2,7.2,424,No,No,Yes,0.33,2023-08-22,High
1126,Goa,Sea,31,25.5,6.8,3.9,240,No,Yes,No,0.89,2023-05-21,Low
1127,Mangalore,Ocean,44,27.2,7.8,7.4,102,Yes,No,No,0.31,2023-06-24,High
1128,Surat,Ocean,52,21.9,8.1,3.1,62,Yes,No,Yes,0.32,2023-06-17,High
1129,Visakhapatnam,Ocean,48,21.2,8.2,3.2,424,Yes,Yes,No,0.28,2023-09-18,High
1130,Visakhapatnam,Ocean,51,25.1,8.2,3.5,373,No,No,No,0.48,2023-02-18,Moderate
1131,Kochi,Ocean,31,25.8,7.9,4.8,174,No,No,Yes,0.84,2023-10-08,Low
1132,Surat,River,100,21.2,8.2,7.8,367,Yes,No,No,0.3,2023-01-03,High
1133,Visakhapatnam,River,77,27.6,7.0,3.2,145,No,No,Yes,0.84,2023-11-01,High
1134,Port Blair,Ocean,77,20.1,8.5,7.1,405,No,No,No,0.35,2023-12-25,High
1135,Visakhapatnam,Sea,54,22.8,6.6,3.4,111,Yes,Yes,Yes,0.4,2023-08-01,High
1136,Goa,River,80,30.1,6.7,7.0,339,No,No,No,0.41,2023-05-13,High
1137,Port Blair,Ocean,60,21.8,7.3,6.9,73,No,Yes,Yes,0.58,2023-02-09,Moderate
1138,Goa,River,74,28.4,7.4,6.5,392,No,Yes,No,0.28,2023-08-29,Moderate
1139,Chennai,Sea,60,31.3,6.5,6.4,141,Yes,No,Yes,0.15,2023-03-08,High
1140,Surat,River,49,26.0,7.9,5.1,488,No,Yes,Yes,0.57,2023-10-14,High
1141,Goa,Ocean,90,24.4,8.0,5.0,378,No,Yes,No,0.13,2023-05-12,High
1142,Kochi,Ocean,80,20.0,8.0,3.6,351,No,No,No,0.56,2023-05-24,High
1143,Kochi,Sea,22,26.3,6.9,3.1,222,No,Yes,No,0.57,2023-12-21,Low
1144,Puri,Sea,20,28.0,6.8,6.3,416,Yes,No,Yes,0.15,2023-01-30,High
1145,Kolkata,Sea,75,31.5,7.2,3.1,206,Yes,Yes,Yes,0.39,2023-10-22,High
1146,Visakhapatnam,Ocean,18,28.9,7.0,3.7,419,No,No,Yes,0.68,2023-02-05,High
1147,Mangalore,Sea,49,26.5,8.0,6.4,209,No,No,No,0.7,2023-02-06,Moderate
1148,Visakhapatnam,Ocean,25,31.0,7.2,4.0,498,No,No,Yes,0.35,2023-12-31,High
1149,Puri,River,95,26.0,8.1,4.7,226,No,Yes,Yes,0.36,2023-03-23,High
1150,Surat,Ocean,55,30.4,6.7,6.9,345,Yes,Yes,Yes,0.34,2023-07-06,High
1151,Surat,Ocean,52,24.3,6.6,7.5,407,No,No,Yes,0.18,2023-03-25,High
1152,Mangalore,Sea,87,21.6,8.4,7.0,454,Yes,Yes,Yes,0.35,2023-01-22,High
1153,Kolkata,Ocean,43,24.7,8.0,5.7,358,No,Yes,Yes,0.49,2023-04-30,High
1154,Visakhapatnam,Ocean,96,24.0,7.5,7.4,214,No,Yes,No,0.28,2023-03-25,High
1155,Mangalore,Ocean,63,20.9,7.3,3.9,143,Yes,Yes,Yes,0.39,2023-07-22,High
1156,Kochi,Ocean,41,24.5,8.5,6.4,241,Yes,No,No,0.28,2023-03-06,High
1157,Chennai,Ocean,18,30.6,6.7,5.7,261,Yes,Yes,Yes,0.25,2023-04-02,High
1158,Puri,Ocean,56,31.3,7.3,5.1,210,No,Yes,No,0.54,2023-03-17,Moderate
1159,Visakhapatnam,River,18,31.1,7.0,5.2,209,No,Yes,Yes,0.28,2023-01-20,Low
1160,Visakhapatnam,River,84,31.9,8.3,3.5,435,No,No,No,0.34,2023-04-07,High
1161,Visakhapatnam,Ocean,64,22.6,7.2,5.4,287,No,No,No,0.98,2023-08-25,Moderate
1162,Kolkata,Sea,95,27.6,6.6,7.0,312,Yes,No,No,0.22,2023-08-21,High
1163,Chennai,River,19,25.4,7.4,7.7,370,No,No,Yes,0.54,2023-09-27,High
1164,Goa,Sea,73,23.7,8.1,4.6,487,No,No,No,0.92,2023-04-19,Moderate
1165,Surat,Ocean,96,31.3,8.2,5.8,73,No,Yes,Yes,0.14,2023-11-27,High
1166,Visakhapatnam,Ocean,30,21.5,8.0,5.9,115,No,No,Yes,0.77,2023-08-08,Low
1167,Chennai,River,25,30.0,6.9,7.8,106,Yes,Yes,No,0.21,2023-11-28,High
1168,Kolkata,Ocean,18,25.6,6.8,4.6,219,Yes,Yes,Yes,0.23,2023-07-07,High
1169,Kolkata,Ocean,61,21.7,7.4,8.0,472,Yes,No,Yes,0.1,2023-01-14,High
1170,Kochi,Ocean,41,23.9,6.8,5.0,148,Yes,Yes,No,0.28,2023-03-14,High
1171,Puri,Sea,94,25.6,7.6,6.5,372,Yes,Yes,Yes,0.26,2023-02-14,High
1172,Kolkata,River,37,29.0,8.4,5.6,145,No,No,No,0.74,2023-10-23,Low
1173,Kolkata,River,50,27.8,8.4,6.4,367,No,Yes,Yes,0.2,2023-04-14,High
1174,Visakhapatnam,Ocean,89,31.8,8.5,5.9,467,No,Yes,No,0.29,2023-07-21,High
1175,Goa,Sea,45,27.9,7.4,3.1,468,No,No,No,0.31,2023-02-11,Moderate
1176,Kolkata,Ocean,81,23.3,7.4,6.2,261,No,Yes,No,0.36,2023-06-20,High
1177,Kochi,River,53,21.4,6.7,4.6,257,No,Yes,No,0.58,2023-06-16,Moderate
1178,Kolkata,Sea,87,30.1,7.7,3.1,305,No,No,No,0.35,2023-08-29,High
1179,Puri,Sea,62,27.9,6.8,5.5,449,No,No,No,0.92,2023-09-24,Moderate
1180,Port Blair,Sea,11,21.9,7.5,4.3,349,No,Yes,Yes,0.17,2023-08-28,High
1181,Goa,Sea,29,27.6,8.0,3.7,254,No,Yes,No,0.38,2023-07-19,Low
1182,Port Blair,Sea,16,30.7,7.4,3.8,80,No,No,Yes,0.18,2023-05-16,Low
1183,Puri,Sea,95,25.7,7.9,7.8,123,Yes,Yes,Yes,0.27,2023-10-08,High
1184,Mumbai,River,86,31.5,8.0,7.8,279,No,No,No,0.13,2023-10-30,High
1185,Chennai,Sea,83,24.3,7.2,4.4,478,No,Yes,No,0.3,2023-03-07,High
1186,Kolkata,Ocean,73,29.4,6.6,4.5,482,No,Yes,No,0.23,2023-07-17,Moderate
1187,Mumbai,River,40,20.1,7.4,5.0,129,Yes,No,Yes,0.34,2023-07-08,High
1188,Chennai,Ocean,88,29.9,8.2,5.7,434,No,Yes,No,0.3,2023-02-24,High
1189,Puri,River,89,22.6,8.2,7.6,406,No,Yes,No,0.35,2023-12-31,High
1190,Chennai,Ocean,19,30.0,7.3,5.6,166,No,Yes,Yes,0.69,2023-12-09,Low
1191,Chennai,Sea,58,20.9,6.7,7.9,330,No,Yes,Yes,0.32,2023-08-07,High
1192,Port Blair,River,78,31.7,6.6,4.3,334,Yes,Yes,Yes,0.22,2023-02-04,High
1193,Surat,Sea,38,21.3,7.5,4.6,165,No,Yes,Yes,0.86,2023-02-05,Low
1194,Port Blair,Sea,92,23.1,7.5,6.7,444,No,No,Yes,0.36,2023-09-06,High
1195,Visakhapatnam,Sea,66,24.6,7.9,6.8,204,No,Yes,No,0.31,2023-11-19,Moderate
1196,Kolkata,River,71,23.0,8.4,4.6,424,No,No,No,0.82,2023-01-18,Moderate
1197,Goa,Ocean,89,28.9,7.0,3.9,302,No,No,No,0.37,2023-10-20,High
1198,Kochi,Ocean,82,23.0,6.7,6.6,59,No,Yes,Yes,0.1,2023-06-24,High
1199,Visakhapatnam,Sea,16,27.3,7.4,3.5,122,Yes,No,Yes,0.34,2023-09-19,High
1200,Puri,Ocean,97,26.7,7.4,4.9,399,No,No,Yes,0.19,2023-03-12,High
